Facility ID,casemixindex,cases
10001,2.0375,"4,837"
10005,1.6854,"1,963"
10006,1.9148,"3,751"
10007,1.5171,490
10008,1.1914,157
10011,2.0942,"2,525"
10012,1.6736,665
10016,2.0721,"1,919"
10018,1.2432,31
10019,1.5112,"2,079"
10021,1.6298,339
10022,0.9618,202
10023,2.2346,"3,479"
10024,2.0781,"2,647"
10029,1.9313,"3,156"
10033,2.6368,"11,007"
10034,1.2005,117
10035,1.5692,"2,402"
10036,1.5944,785
10038,1.3983,642
10039,2.0152,"11,535"
10040,1.8602,"2,418"
10044,1.3151,165
10045,1.3423,333
10046,1.879,"1,909"
10049,1.6346,923
10051,1.4408,51
10052,1.1608,121
10055,1.8763,"3,195"
10056,2.1284,"3,621"
10058,1.078,93
10059,1.2044,118
10061,1.7383,561
10062,1.3526,239
10065,1.6385,495
10069,1.3282,271
10073,1.3486,331
10078,1.818,"2,564"
10079,1.7643,"1,134"
10083,1.7309,"1,946"
10085,1.6332,"2,813"
10086,1.3368,422
10087,2.368,"1,482"
10089,1.7762,"1,376"
10090,2.1152,"2,793"
10091,1.1312,65
10092,1.8014,"6,437"
10095,1.1131,138
10097,1.2587,169
10099,1.344,367
10100,1.831,"2,726"
10101,1.4682,446
10102,0.9346,22
10103,2.1286,"2,159"
10104,2.1315,"5,356"
10108,1.4497,806
10110,1.0969,45
10112,1.6753,451
10113,2.0622,"5,042"
10114,1.7098,"1,174"
10118,1.5515,998
10120,1.2853,254
10125,1.1113,383
10126,1.4685,263
10128,1.1435,186
10129,1.4569,352
10130,1.5508,513
10131,1.7807,"2,531"
10138,0.8236,38
10139,2.1398,"1,981"
10144,2.2936,"2,101"
10148,1.1004,524
10149,1.5946,"1,579"
10150,1.3387,253
10157,1.2239,206
10158,1.427,393
10164,1.578,642
10168,2.5549,956
10169,1.2308,219
10173,1.3965,150
10174,1.3181,86
10175,1.4627,165
20001,2.2999,"4,787"
20006,1.8548,"1,853"
20008,1.4157,431
20012,1.6665,"1,142"
20017,2.3784,"2,754"
20018,1.2027,168
20024,1.7229,"1,024"
20026,1.9499,"1,632"
30002,2.721,"4,406"
30006,2.0838,"6,444"
30007,1.7149,"1,560"
30010,2.0921,"2,008"
30011,2.1092,"2,977"
30012,1.7851,"4,068"
30013,1.9561,"4,459"
30014,2.0375,"2,806"
30016,1.8619,"1,272"
30022,2.3848,656
30023,2.289,"2,929"
30024,2.7356,"5,139"
30030,2.0802,950
30036,2.0633,"6,044"
30037,2.2666,303
30038,1.9756,"4,408"
30043,1.557,"1,545"
30055,1.8321,"1,997"
30061,2.0876,"4,792"
30062,1.7381,"1,556"
30064,2.3899,"3,795"
30065,2.2364,"5,024"
30069,1.942,"2,524"
30071,1.1392,634
30073,1.5643,456
30074,0.8996,47
30077,1.1657,156
30078,1.4639,124
30083,2.0446,849
30084,1.2662,399
30085,1.9454,"3,367"
30087,2.0548,"6,237"
30088,1.8545,"4,344"
30089,2.2137,"3,645"
30092,1.9956,"3,038"
30093,1.7801,"5,160"
30094,2.4895,"3,409"
30101,1.7302,"1,462"
30103,2.367,"8,504"
30105,3.1592,"1,861"
30107,2.4036,619
30108,2.6529,457
30110,1.8514,"2,172"
30111,1.6839,918
30112,2.3971,302
30113,1.1488,271
30114,1.5993,"1,756"
30115,1.9554,"2,111"
30117,1.6038,455
30119,1.783,"3,206"
30121,2.0678,"1,757"
30122,2.0555,"1,834"
30123,1.6905,"3,074"
30130,1.943,794
30131,2.3078,"1,222"
30134,1.5326,276
30136,1.5649,48
30137,1.3298,381
30138,2.025,145
30139,1.7571,356
30146,1.5627,524
30147,1.6568,525
30148,1.2659,70
40001,1.7354,351
40002,1.4109,371
40004,2.2769,"4,484"
40007,2.6641,"4,931"
40010,1.9647,"3,280"
40011,1.229,600
40014,1.4584,"4,012"
40015,1.5039,225
40016,2.2765,"5,418"
40017,1.499,807
40018,1.5124,61
40019,1.3765,336
40020,2.0051,"5,555"
40022,1.8971,"2,352"
40026,1.9551,"4,467"
40027,1.7845,"3,082"
40029,1.7949,"2,749"
40036,1.9984,"4,052"
40039,1.518,"1,005"
40041,1.8184,"1,265"
40047,1.2143,344
40050,1.6548,322
40051,1.315,928
40055,1.9256,"3,857"
40062,1.885,"4,629"
40067,1.2892,432
40069,1.1993,408
40071,1.6798,"2,537"
40072,1.1229,253
40076,1.2565,284
40078,1.9011,"1,881"
40084,1.6528,"1,413"
40085,1.2805,170
40088,1.7368,"1,176"
40114,2.1967,"8,111"
40118,1.7598,"4,124"
40119,1.7699,"2,743"
40134,2.6942,"2,716"
40137,2.215,"1,202"
40147,2.1317,"1,516"
40152,2.7926,166
40153,1.4863,208
40154,1.8409,"1,231"
40156,1.3509,222
40161,1.5731,466
50002,1.6296,"1,159"
50006,1.9462,"2,768"
50007,2.0969,"3,349"
50008,1.914,967
50009,1.9835,"2,051"
50013,2.5046,"1,218"
50014,1.63,952
50017,2.5113,"3,161"
50022,2.2046,"3,191"
50024,1.6716,960
50025,2.5835,"7,127"
50026,1.9432,"6,199"
50028,1.5748,426
50030,1.5567,"5,211"
50036,2.0964,"3,096"
50038,1.879,"4,883"
50039,1.7672,"9,107"
50040,1.6899,"1,038"
50042,1.6415,"1,245"
50043,2.0332,"3,998"
50045,1.8479,"1,635"
50047,2.5671,"3,642"
50054,1.6877,479
50055,1.6676,"1,494"
50056,2.1929,"2,642"
50057,1.9764,"5,560"
50058,2.0005,"1,728"
50060,2.1558,"6,948"
50063,2.0058,"2,393"
50067,1.4134,223
50069,2.3668,"3,536"
50070,1.608,364
50071,2.268,600
50072,1.6624,441
50073,1.9302,596
50075,1.8025,"1,622"
50076,2.2161,585
50077,1.8995,"4,226"
50078,1.5681,945
50082,1.9163,"4,445"
50084,2.3435,"4,032"
50089,1.7484,387
50090,1.4465,362
50091,1.7492,434
50093,1.8732,"6,927"
50096,0.9277,292
50099,1.8848,"3,028"
50100,2.1606,"5,085"
50101,1.8144,"1,397"
50102,1.8689,857
50103,1.9529,"1,618"
50104,1.8464,"1,631"
50107,1.8023,"4,415"
50108,2.6086,"5,813"
50110,1.5311,976
50112,1.973,"4,467"
50113,1.6634,244
50115,1.9697,"3,452"
50116,2.138,"2,839"
50118,1.6173,930
50121,1.7202,"2,579"
50122,2.0616,835
50124,1.6624,"1,985"
50125,1.9452,"3,017"
50126,2.0387,"1,728"
50127,1.933,655
50128,2.1825,"1,799"
50129,2.0466,"1,752"
50131,1.6002,852
50132,1.9409,"1,504"
50133,1.8022,"4,566"
50135,1.6966,"4,445"
50136,1.642,796
50137,2.2491,312
50138,2.4284,"1,036"
50139,1.945,544
50140,2.1015,"1,287"
50145,1.9958,"4,846"
50149,1.9724,"1,007"
50150,1.5828,"1,845"
50152,1.9081,683
50158,1.8021,590
50159,1.5601,"1,489"
50167,1.8259,"1,202"
50168,2.177,"3,386"
50169,1.9327,"3,357"
50174,2.0815,"4,240"
50179,1.778,"2,395"
50180,1.9882,"6,070"
50191,2.1754,"1,384"
50192,1.0815,97
50194,1.5473,"1,109"
50195,1.82,"3,428"
50197,2.2593,"1,624"
50204,2.0435,"1,381"
50211,1.6064,806
50222,1.9452,"3,502"
50224,1.8926,"8,311"
50226,2.0444,"1,216"
50228,1.7415,"2,980"
50230,1.9953,975
50231,2.2118,"2,575"
50232,2.0614,"2,015"
50234,1.5624,664
50235,1.9313,"4,548"
50236,1.6184,"2,388"
50238,1.9755,"3,503"
50239,2.0293,"5,526"
50242,1.9644,"3,918"
50243,2.0258,"2,759"
50245,1.9445,"1,388"
50248,1.6819,"1,299"
50254,1.5562,"1,942"
50257,1.4323,394
50261,1.6545,"1,467"
50262,2.7436,"5,631"
50272,1.9507,"1,182"
50276,1.312,679
50278,2.0533,"2,822"
50279,1.6733,327
50280,2.0319,"5,173"
50281,1.7964,865
50283,2.144,"2,069"
50289,1.9621,"1,005"
50290,2.099,"4,757"
50291,1.8846,"2,089"
50292,1.7489,"1,898"
50295,1.7969,"1,925"
50298,1.7258,426
50300,1.9302,"2,064"
50301,1.6108,"1,211"
50305,1.8662,"2,195"
50308,1.972,"5,545"
50309,1.8773,"6,892"
50313,1.6843,914
50315,1.7757,946
50320,1.7512,"2,589"
50324,2.2836,"5,584"
50327,2.4763,"4,110"
50329,2.0201,"1,156"
50334,1.9315,"3,534"
50335,1.7621,"2,096"
50336,1.6236,"1,999"
50342,1.9015,874
50348,2.2962,"4,309"
50350,1.822,"1,332"
50351,1.9794,"5,271"
50352,1.7812,457
50353,1.9339,"3,104"
50357,1.9394,555
50360,1.9097,"3,175"
50367,1.9758,"3,387"
50373,1.9095,"2,419"
50376,1.9835,"1,551"
50378,1.3664,495
50380,1.9073,"4,624"
50382,1.9442,"3,075"
50390,1.7565,"1,478"
50393,1.6493,"1,424"
50394,1.9629,"2,705"
50396,2.0878,"5,651"
50397,1.0241,64
50407,1.4465,479
50411,2.0812,490
50414,1.6488,"2,035"
50417,1.7641,716
50423,1.1592,68
50424,2.2719,"2,248"
50425,1.962,936
50426,2.1433,"1,506"
50438,2.0276,"5,014"
50441,2.7244,"10,322"
50444,1.6702,"3,190"
50454,2.8523,"9,171"
50455,1.9227,"2,764"
50457,1.9818,"1,221"
50464,2.2125,"4,024"
50468,1.8597,"1,068"
50471,2.3507,"2,947"
50481,1.9466,"2,877"
50485,2.2794,"3,576"
50488,1.8932,"2,742"
50492,1.7468,"3,753"
50496,2.1309,"4,155"
50498,1.6672,"1,288"
50503,1.6836,"3,458"
50506,2.0627,"1,314"
50510,1.6373,162
50512,1.7623,229
50515,1.8829,"1,116"
50516,1.9567,"4,605"
50517,1.7551,639
50523,1.6966,"2,129"
50526,1.9102,615
50528,1.6704,352
50534,1.8267,803
50537,1.6203,867
50541,2.325,315
50543,1.0765,90
50546,0.702,2
50549,2.0336,"6,274"
50551,1.842,"2,356"
50557,1.9721,"5,458"
50561,2.1692,481
50567,2.1079,"4,130"
50568,1.7626,724
50570,1.9509,"2,606"
50573,1.9638,"7,789"
50580,1.6977,743
50581,2.0234,"1,654"
50586,1.9284,640
50588,1.934,702
50589,1.8547,609
50590,1.7715,"1,588"
50597,1.781,"1,103"
50599,2.465,"7,700"
50603,1.9691,"2,587"
50604,1.8848,579
50608,1.924,416
50609,1.9108,618
50624,1.768,"2,210"
50625,2.5087,"16,989"
50633,1.5272,"1,438"
50636,1.7145,"1,081"
50641,1.8937,235
50663,1.6795,"2,160"
50668,1.1782,93
50674,1.9671,"1,034"
50677,1.8995,243
50678,2.0816,"2,463"
50684,1.6563,409
50686,2.014,357
50689,1.9064,"1,213"
50690,1.5614,315
50696,3.2105,"3,741"
50697,1.5963,35
50701,1.7979,"1,919"
50704,1.9283,"1,641"
50708,3.2833,529
50709,1.9361,"1,700"
50710,1.7363,324
50714,2.6491,100
50717,2.1782,168
50723,1.993,393
50724,2.2472,"1,255"
50726,1.9755,218
50735,1.7557,708
50736,1.671,460
50737,2.0701,"1,441"
50738,2.0355,500
50739,2.0312,"3,085"
50740,2.0431,"1,436"
50742,1.8184,477
50744,1.966,266
50745,1.9788,292
50746,2.2936,"1,016"
50747,2.0901,247
50748,1.8991,442
50755,1.9409,"1,545"
50757,2.0046,"1,553"
50758,2.2031,425
50760,1.6525,473
50761,1.8066,"3,172"
50763,1.3922,"3,996"
50764,1.9596,"3,219"
50765,1.8012,205
50766,2.274,166
50767,2.0181,328
50769,3.1369,872
50770,1.9766,"2,131"
50771,1.9417,614
50772,1.6953,920
50775,1.8555,"2,263"
50776,1.4944,615
50777,1.8951,488
50778,1.7368,33
50779,1.6109,976
50780,1.7126,840
50782,2.2914,330
50783,1.1951,402
50784,1.5467,459
50785,3.0741,239
50796,2.2119,6
50849,1.501,159
60001,2.3526,"1,891"
60003,1.7136,800
60004,2.0372,521
60006,1.6083,822
60008,1.5138,565
60009,1.9198,"2,124"
60010,1.8889,"3,175"
60011,2.1556,"1,132"
60012,1.9207,377
60013,1.9092,"1,314"
60014,3.2467,"1,485"
60015,2.2398,"3,206"
60020,1.993,"3,886"
60022,2.1299,"6,498"
60023,2.2421,"3,186"
60024,2.5701,"7,472"
60027,2.0795,"2,359"
60028,2.3902,"1,305"
60030,1.7918,581
60031,2.1091,"6,031"
60032,2.0974,"1,712"
60034,2.2891,"4,263"
60044,1.3946,219
60049,1.9156,304
60054,2.0042,726
60064,2.4356,"1,581"
60065,2.0565,891
60071,1.531,465
60075,2.0765,952
60076,1.5906,410
60096,2.0553,482
60100,2.1688,"2,883"
60103,2.5197,459
60104,1.8258,"1,288"
60107,1.0617,21
60112,2.2346,"2,526"
60113,1.9732,"2,194"
60114,2.0654,"1,743"
60116,1.8849,"1,086"
60117,2.2161,264
60118,1.5125,156
60119,2.53,"3,554"
60124,3.7374,401
60125,1.9115,624
60126,1.9681,127
60128,1.9174,961
60129,1.7994,121
60130,1.8342,310
60131,1.7477,899
60132,1.8042,"1,322"
70002,2.0981,"5,178"
70003,1.478,917
70004,1.377,782
70005,1.8159,"2,720"
70006,1.8992,"3,706"
70007,1.6794,"3,342"
70008,1.4658,368
70010,1.8582,"5,077"
70011,1.521,"1,796"
70016,1.7245,"2,306"
70017,1.8811,"2,397"
70018,1.7733,"3,369"
70020,1.522,"3,241"
70021,1.482,866
70022,2.1847,"13,237"
70024,1.6943,"2,912"
70025,2.2297,"9,639"
70027,1.5969,"1,611"
70028,2.159,"2,850"
70029,1.5983,"1,114"
70031,1.478,"1,598"
70033,1.8234,"6,886"
70034,1.7234,"3,243"
70035,1.7204,"3,009"
70036,1.7629,"2,079"
70038,1.1015,4
80001,1.8718,"19,082"
80003,1.7803,"1,016"
80004,1.8737,"5,294"
80006,1.7355,"1,572"
80007,1.7159,"4,718"
80009,1.6094,"2,030"
90001,2.2449,"4,512"
90003,1.7734,"1,668"
90004,2.5308,"5,592"
90005,1.8281,"3,256"
90008,1.7264,"1,106"
90011,2.7874,"9,977"
100001,1.9977,"4,154"
100002,1.8804,"4,243"
100006,2.0052,"13,393"
100007,1.9917,"29,798"
100008,1.9708,"5,072"
100012,1.9805,"8,804"
100014,1.792,"1,474"
100017,2.072,"4,138"
100018,1.8471,"10,466"
100019,1.9928,"7,705"
100022,2.3,"5,166"
100023,1.9555,"3,906"
100025,1.9987,"5,678"
100026,1.9988,"3,037"
100028,1.7548,"1,652"
100029,1.8223,"3,020"
100030,1.5552,"2,934"
100032,1.9175,"1,871"
100034,2.0833,"4,420"
100035,2.1124,"3,979"
100038,2.0024,"4,096"
100039,2.1982,"2,123"
100040,2.2762,"5,477"
100043,1.5808,"1,512"
100044,1.7666,"9,560"
100045,1.6789,"2,006"
100046,1.7735,"2,211"
100047,1.4871,"1,522"
100048,1.1415,160
100049,1.8621,"1,469"
100050,1.6942,817
100051,1.525,"4,091"
100052,1.9228,"3,863"
100053,1.6234,"1,021"
100054,1.5162,"1,140"
100055,1.734,"1,411"
100057,1.8674,"4,840"
100062,1.9587,"4,318"
100063,1.544,"1,976"
100067,1.7803,"4,408"
100068,2.0858,"5,210"
100069,2.0491,"1,157"
100070,1.782,"3,840"
100071,1.5076,"1,691"
100072,1.7141,"2,508"
100073,2.0745,"3,980"
100075,1.8858,"8,944"
100077,1.8973,"3,306"
100080,1.9951,"6,612"
100081,1.1205,49
100084,1.8603,"4,898"
100086,1.7117,"2,587"
100087,2.0312,"16,618"
100088,1.9323,"12,043"
100090,1.8501,"4,427"
100092,1.9428,"2,271"
100093,2.1888,"4,106"
100099,1.5306,911
100105,1.9428,"5,673"
100106,1.2003,138
100107,1.7898,556
100109,1.7642,"3,808"
100110,2.0374,"3,145"
100113,2.4824,"10,111"
100117,1.5465,"2,459"
100118,1.7708,"3,197"
100121,1.6112,564
100122,1.7692,"1,755"
100124,1.5342,"1,247"
100125,1.5842,"1,025"
100126,1.6384,"1,595"
100127,2.0177,"6,918"
100128,2.2169,"9,823"
100130,1.7201,163
100131,1.8573,"3,817"
100132,1.7067,"1,126"
100134,1.1888,176
100135,2.0284,"5,505"
100137,1.9233,"1,542"
100140,1.4931,"1,220"
100142,1.5414,904
100150,1.607,770
100151,2.573,"7,684"
100154,1.9107,"2,400"
100156,1.5404,"2,764"
100157,1.754,"9,293"
100161,1.8603,"2,160"
100166,1.7466,"3,208"
100167,1.81,"2,394"
100168,1.93,"7,582"
100173,2.0921,"4,141"
100175,1.5366,297
100176,2.0687,"3,521"
100177,1.6736,"1,892"
100179,1.9841,"4,349"
100180,1.6389,"1,301"
100181,1.5541,859
100183,1.6406,"1,086"
100187,2.0219,"1,912"
100189,1.6827,"2,320"
100191,1.7007,"3,028"
100200,1.6735,915
100204,1.9402,"9,274"
100206,1.5669,"1,153"
100209,2.049,"2,013"
100211,1.6774,850
100212,1.7528,"10,310"
100213,1.9483,"4,351"
100217,1.761,"1,715"
100220,1.8945,"8,628"
100223,1.977,"4,105"
100224,1.6323,"1,594"
100226,1.9296,"4,586"
100228,1.9838,"2,959"
100230,1.6741,"1,045"
100231,1.7287,"5,831"
100232,1.6084,"1,943"
100236,1.9919,"4,185"
100238,1.866,"2,560"
100242,1.7825,"4,113"
100243,1.8883,"3,972"
100244,1.6278,"5,055"
100246,2.0877,"4,276"
100248,2.131,"3,600"
100249,1.697,"2,399"
100252,1.4542,"1,154"
100253,1.8647,"4,924"
100254,1.6726,"3,266"
100256,1.9826,"4,394"
100258,2.0803,"7,706"
100259,1.4655,"2,417"
100260,1.6237,"3,802"
100264,1.6615,"5,514"
100265,1.6818,"4,629"
100266,1.7334,"1,276"
100267,1.4735,"1,634"
100268,1.533,"1,577"
100269,1.793,"1,797"
100275,1.7938,"2,458"
100276,1.7119,"1,616"
100277,1.1751,5
100281,1.7962,"2,989"
100284,1.3166,950
100285,1.5163,719
100286,1.7791,"6,276"
100287,1.7476,"2,571"
100288,2.0376,"1,582"
100289,2.3452,"3,924"
100290,1.5484,"5,219"
100291,1.987,"1,205"
100292,1.825,"1,283"
100296,1.635,"1,252"
100299,1.8756,"2,400"
100302,1.48,"1,145"
100307,1.9995,"1,922"
100313,1.4008,155
100314,1.6432,"1,145"
100315,1.4672,"1,986"
100316,1.4675,"1,983"
100319,1.7232,"2,176"
100320,1.5169,720
100321,1.6812,"2,252"
100329,1.5411,983
100330,1.7158,231
100350,1.5966,148
110001,1.773,"2,594"
110002,1.7405,861
110003,1.7138,"1,566"
110005,1.831,"4,326"
110006,2.029,"2,145"
110007,1.8387,"3,921"
110008,1.8201,"3,947"
110010,2.6229,"6,805"
110011,1.7952,"2,538"
110015,1.6452,877
110016,1.6281,"2,136"
110018,1.6513,"1,192"
110023,1.9186,"1,266"
110024,1.6906,"1,915"
110025,1.8383,"3,557"
110027,1.3776,564
110028,1.9425,"6,414"
110029,2.0428,"10,551"
110030,1.7127,"1,869"
110031,1.8252,"1,464"
110032,1.526,483
110034,2.3897,"3,622"
110035,2.0981,"8,797"
110036,2.2814,"5,898"
110038,1.9206,"2,389"
110041,1.5239,456
110042,1.5657,"2,389"
110043,2.0576,"3,292"
110044,1.6758,448
110045,1.2759,323
110046,1.6559,986
110050,1.4,312
110051,1.4692,994
110054,1.7559,"3,462"
110064,2.1909,"2,875"
110069,1.6176,"3,476"
110071,1.4067,129
110073,1.45,238
110074,1.9711,"5,786"
110075,1.8336,"1,754"
110076,1.8239,"2,623"
110078,2.5806,"4,198"
110079,2.0399,"3,737"
110082,2.2709,"4,895"
110083,2.6579,"7,409"
110086,1.2936,134
110087,2.0319,"5,568"
110089,1.6161,"1,101"
110091,1.6833,"1,740"
110092,1.6128,283
110095,1.7115,"2,029"
110100,1.2704,113
110101,1.1501,48
110104,1.6625,690
110105,1.5399,"1,380"
110107,2.2812,"5,064"
110109,1.3439,251
110111,1.3288,163
110113,1.0775,44
110115,2.1523,"1,544"
110121,1.4238,146
110122,1.8069,"3,884"
110124,1.4312,671
110125,1.7724,"1,722"
110128,1.5642,735
110129,1.9528,"2,866"
110130,1.2389,21
110132,1.3046,281
110135,1.4816,275
110142,1.3913,161
110143,1.8621,"3,495"
110146,1.5379,403
110150,1.6148,664
110153,1.4086,517
110161,2.0405,"3,950"
110164,1.9501,"2,728"
110165,1.9648,771
110168,2.0037,"4,166"
110177,2.3049,"2,928"
110184,1.7358,"1,596"
110189,1.5341,297
110190,0.8255,1
110191,1.814,"3,324"
110192,1.7801,"1,795"
110194,1.1141,201
110198,1.9257,"2,018"
110200,1.8687,"1,096"
110201,1.6323,704
110209,1.4886,"1,591"
110215,1.7877,"4,247"
110225,1.6445,"1,368"
110226,1.5799,759
110229,1.8471,"2,584"
110230,1.7098,"1,966"
110233,2.0352,361
110234,0.9876,27
110236,1.2744,129
110237,1.3167,279
110252,1.6674,167
120001,2.1727,"6,020"
120002,1.8346,"1,418"
120004,1.3819,178
120005,1.6812,"1,735"
120006,1.8621,"1,376"
120007,2.1275,916
120011,1.8939,624
120014,1.5806,593
120019,1.551,617
120022,2.4208,"1,927"
120026,2.003,"1,827"
120028,1.671,328
130002,1.8072,"2,483"
130003,2.1265,"1,380"
130006,2.0739,"5,297"
130007,2.1196,"3,731"
130013,1.6207,"1,226"
130014,1.8911,623
130018,2.2328,"3,003"
130025,1.6749,300
130028,2.1194,"2,100"
130049,2.1877,"4,486"
130063,3.6076,108
130065,2.4254,228
130066,3.607,389
130071,1.6091,891
130073,1.0282,3
130074,1.8269,824
140001,1.4061,769
140002,1.6033,"2,141"
140007,1.7926,"5,189"
140008,1.7463,"1,837"
140010,1.8457,"14,261"
140011,1.5768,"3,052"
140012,1.4595,"1,044"
140013,1.5726,"1,157"
140015,1.8215,"5,521"
140018,1.9502,"1,084"
140019,1.1502,126
140029,1.7852,"3,503"
140030,1.8441,"3,851"
140032,1.4986,"1,516"
140034,1.5057,"1,644"
140040,1.3939,391
140043,1.5671,"1,659"
140046,1.8281,"2,663"
140048,1.7259,"3,301"
140049,1.8429,977
140052,1.7631,957
140053,2.1817,"5,936"
140054,1.6791,"2,271"
140058,1.5293,"1,078"
140059,1.3646,431
140062,1.7269,"8,699"
140063,1.6824,"1,697"
140064,1.5672,"1,301"
140065,1.7498,"3,147"
140067,2.1139,"9,426"
140068,1.393,540
140077,1.1748,230
140080,1.7471,"2,093"
140082,1.7997,"1,298"
140083,1.3305,499
140084,1.6639,"2,111"
140088,2.5759,"7,771"
140089,1.5082,494
140091,1.9612,"6,502"
140093,1.4678,"1,567"
140095,1.6833,367
140100,1.9499,236
140101,1.6561,"1,674"
140103,1.5321,493
140110,1.4875,"1,339"
140113,1.9535,"1,038"
140114,1.9025,"2,463"
140115,1.3324,915
140116,1.7603,"6,890"
140117,2.1139,"4,256"
140119,2.373,"8,282"
140120,1.5988,788
140122,1.9347,"2,436"
140124,1.769,"1,314"
140125,1.4488,"1,083"
140127,1.8147,"2,197"
140130,1.7101,"3,315"
140133,1.4483,"1,078"
140135,1.8899,"2,833"
140137,1.2815,244
140143,1.6118,658
140145,1.4431,368
140147,1.4558,483
140148,1.9743,"7,010"
140150,2.1222,"2,851"
140155,1.6928,"1,630"
140158,1.5924,638
140160,1.5376,975
140161,1.4172,863
140162,1.8262,"2,720"
140164,1.9515,"3,132"
140166,1.6876,"1,938"
140167,1.403,248
140172,1.7177,"3,343"
140174,1.9106,"1,509"
140177,1.2996,525
140179,1.7023,"3,540"
140180,1.6203,"2,265"
140181,1.468,531
140182,2.0754,"2,248"
140184,1.8744,915
140185,1.743,"4,066"
140186,1.8167,"3,549"
140187,2.0066,"2,943"
140189,1.5406,"3,167"
140191,1.7261,"3,008"
140197,1.1633,416
140200,1.9326,"5,602"
140202,1.863,"5,086"
140206,1.6373,879
140208,2.3304,"8,498"
140209,2.1498,"2,690"
140210,1.5171,421
140211,1.6816,"3,280"
140213,1.7204,"7,023"
140217,1.642,"1,430"
140223,2.0927,"7,472"
140224,1.5288,"1,882"
140228,1.8255,"3,548"
140231,1.9894,"5,971"
140233,2.0695,"4,117"
140234,1.4718,797
140239,1.8732,"2,440"
140242,2.0112,"6,081"
140250,1.6857,415
140251,1.795,"1,356"
140252,1.7783,"7,636"
140258,2.1573,"5,513"
140275,1.6264,807
140276,2.5101,"6,166"
140280,1.8811,"3,109"
140281,2.5237,"10,920"
140286,1.6955,"2,068"
140288,2.0488,"4,824"
140289,1.5341,"1,804"
140290,1.7562,"3,628"
140291,1.9341,"4,202"
140292,1.6401,"1,067"
140294,1.6545,373
140300,1.2466,61
140304,1.7391,"1,313"
140307,1.4012,326
150001,1.4225,598
150002,1.744,"3,258"
150004,1.7176,"1,256"
150005,1.7871,"1,721"
150006,1.759,"1,694"
150007,1.7663,"1,323"
150008,1.6719,"1,245"
150009,1.6672,"2,523"
150010,1.7035,"1,370"
150011,1.4397,"1,363"
150012,1.9108,"3,302"
150015,1.6862,"2,502"
150017,2.1946,"4,559"
150018,1.8655,"2,950"
150021,1.9042,"7,533"
150022,1.4545,529
150023,1.8577,"5,195"
150024,2.0403,"1,926"
150026,1.82,"1,068"
150030,1.4598,900
150034,1.7414,"3,479"
150035,1.8148,"3,625"
150037,1.527,853
150042,1.6469,"2,095"
150044,1.942,"4,408"
150045,1.3482,333
150046,1.8972,"1,538"
150047,1.4689,235
150048,1.7783,"5,527"
150051,1.8663,"3,900"
150056,2.3983,"9,840"
150057,1.8376,808
150058,1.8516,"4,164"
150059,1.6538,"1,088"
150061,1.5012,420
150065,1.9084,510
150069,1.4367,"1,109"
150072,1.5013,467
150074,2.0483,"3,834"
150075,1.3284,241
150076,1.4954,512
150082,1.9111,"12,078"
150084,2.337,"7,424"
150086,1.5389,"1,331"
150088,1.6439,"1,311"
150089,1.7857,"5,348"
150090,1.7234,"1,826"
150091,1.3766,328
150097,1.5649,963
150100,2.1173,"4,144"
150101,1.3085,348
150102,1.214,182
150104,1.5667,652
150109,1.9809,"3,117"
150112,1.7391,"3,106"
150113,1.7306,"1,455"
150115,1.6939,"1,818"
150125,2.0111,"6,114"
150126,1.8864,"3,206"
150128,1.6769,"2,484"
150133,1.3974,782
150146,1.3417,435
150149,1.6851,39
150150,1.7089,532
150153,3.8491,"1,668"
150157,1.9519,"1,169"
150158,1.8194,"2,159"
150160,2.4776,688
150161,1.6405,"1,688"
150162,2.2195,"6,085"
150165,1.6361,"1,110"
150166,2.709,248
150167,3.3485,123
150168,2.6516,402
150169,1.7945,"3,482"
150172,2.2745,132
150173,1.688,"3,367"
150177,2.3813,109
150179,1.2765,116
150181,1.6273,219
150183,1.7623,434
150191,1.0723,27
160001,1.5726,417
160005,1.3681,664
160008,1.2209,178
160013,1.3427,375
160016,1.8092,"1,279"
160028,1.7873,"1,146"
160029,1.801,"2,191"
160030,1.5826,"2,955"
160032,1.5828,268
160033,2.0971,"4,306"
160040,1.646,208
160045,1.9763,"3,583"
160047,1.6614,"2,011"
160057,1.6948,"2,148"
160058,2.5739,"8,092"
160064,1.8829,"4,341"
160067,1.6652,"1,419"
160069,1.7709,"3,883"
160079,1.5841,"3,350"
160080,1.5779,"1,116"
160082,1.9802,"9,930"
160083,2.3004,"8,059"
160089,1.4904,761
160101,1.3892,361
160104,1.8136,888
160110,1.9809,"2,497"
160112,1.709,751
160117,1.8537,"1,247"
160122,1.4833,240
160124,1.4069,571
160146,1.888,"1,979"
160147,1.5007,437
160153,2.1235,"2,660"
170006,1.7693,888
170009,1.3809,599
170012,1.9424,"3,005"
170013,2.0039,"2,403"
170014,1.5303,475
170016,1.8004,"2,795"
170017,1.4767,305
170020,1.8819,"1,838"
170023,1.6938,970
170027,1.6577,642
170040,2.5369,"11,097"
170049,1.7559,"3,244"
170068,1.8445,799
170074,1.5157,327
170075,1.1178,138
170086,2.0131,"7,967"
170103,1.6953,"1,048"
170104,1.8763,"4,216"
170105,1.4879,318
170109,1.3528,176
170110,1.153,117
170120,1.717,661
170122,2.1139,"9,014"
170123,2.1614,"8,002"
170137,1.6247,"2,178"
170142,1.7913,"1,333"
170145,1.5942,523
170146,1.8787,"1,906"
170150,1.4297,264
170166,1.1118,90
170175,1.705,501
170176,1.9854,"3,009"
170182,1.8907,"3,016"
170183,2.0004,882
170185,1.5576,"2,368"
170186,2.6938,"1,103"
170187,1.9463,451
170188,2.1225,545
170190,2.0727,253
170191,1.543,544
170194,5.3837,97
170196,3.2939,728
170197,2.2347,"1,169"
170198,1.9015,168
170199,1.991,28
170200,1.5688,988
170203,3.9762,313
170204,1.6108,493
180001,1.6283,"1,862"
180002,1.3457,846
180004,1.3452,519
180005,1.7265,985
180009,1.8979,"5,574"
180010,2.4934,"3,166"
180011,2.0059,"1,468"
180012,1.6817,"3,848"
180013,2.0963,"3,711"
180016,1.7424,147
180017,1.6811,"1,585"
180018,1.6382,"1,196"
180019,1.7276,610
180020,1.5961,387
180024,1.7369,340
180025,1.7637,558
180027,1.5536,"1,272"
180029,1.9767,"2,340"
180035,1.8799,"7,013"
180038,1.8185,"4,323"
180040,2.2103,"4,849"
180043,1.6251,338
180044,2.2346,"3,580"
180045,1.5981,"2,347"
180046,1.3751,187
180048,1.8244,"2,111"
180049,1.7067,871
180050,1.4118,"1,029"
180051,1.5734,"1,275"
180056,1.4186,978
180064,1.6912,413
180066,1.3842,203
180067,2.4789,"6,498"
180069,1.3978,742
180070,1.4175,569
180078,1.5144,542
180079,1.7224,410
180080,1.7634,"1,783"
180087,1.4787,714
180088,2.1463,"13,964"
180092,1.5827,934
180093,1.8299,"1,764"
180095,1.0909,166
180101,1.683,367
180102,1.8235,"3,728"
180103,2.0828,"5,189"
180104,1.9458,"3,241"
180105,1.0553,460
180106,1.1552,129
180115,1.2752,410
180116,1.6753,"1,177"
180124,1.7128,"1,794"
180127,1.6741,"1,356"
180128,1.4326,536
180130,1.9811,"8,537"
180132,1.8283,"2,290"
180138,1.6427,366
180139,1.3158,524
180141,2.1902,"2,783"
180143,1.9526,983
180149,0.9452,62
180154,1.2299,247
190002,2.0694,"6,404"
190004,1.7236,"1,721"
190005,2.1765,"1,564"
190006,1.6684,563
190007,1.6267,598
190008,2.0013,"2,234"
190011,1.3679,515
190013,1.7289,732
190014,1.4921,388
190015,1.7253,"2,963"
190017,2.0556,"1,446"
190019,1.891,"3,658"
190020,1.6573,796
190025,1.5047,191
190026,2.052,"4,385"
190027,2.1334,"2,102"
190034,1.6329,483
190036,2.2135,"6,756"
190039,1.8155,"1,681"
190040,1.7233,"1,962"
190041,1.9086,"3,112"
190044,1.6541,721
190045,1.878,"2,695"
190046,1.8708,"1,611"
190050,1.4621,489
190053,1.3608,822
190054,1.9579,"1,303"
190060,2.0332,"2,698"
190064,2.0967,"6,422"
190065,2.0895,"3,483"
190079,1.4654,129
190081,1.1339,213
190086,1.529,"1,091"
190088,1.302,271
190090,1.1167,320
190098,2.2492,"2,717"
190099,1.3899,290
190102,2.0777,"4,602"
190106,1.4477,168
190111,1.816,"10,792"
190114,1.3182,366
190116,1.3708,290
190118,1.2708,166
190125,1.9997,"3,532"
190128,1.6965,101
190133,1.2352,120
190140,1.1885,231
190144,1.606,777
190145,1.0371,193
190146,1.744,"2,536"
190151,1.2099,219
190160,1.7153,"3,739"
190164,1.5694,758
190167,1.462,676
190176,2.1431,"3,366"
190183,1.7329,357
190184,1.0869,250
190190,0.9735,91
190201,1.5719,108
190202,2.0426,"1,214"
190204,1.8194,937
190208,0.8295,122
190218,1.1087,204
190241,3.5333,62
190245,1.6336,45
190251,2.5831,98
190255,2.0397,44
190256,3.0902,91
190259,2.8263,172
190266,4.0054,281
190267,3.6462,221
190270,2.4231,183
190274,1.8331,970
190278,4.0396,291
190298,2.3505,243
190300,1.706,70
190302,2.0304,24
190303,3.3394,160
190308,1.4921,299
190312,1.5398,395
190313,1.4741,256
190314,1.6249,12
190315,1.39,91
190316,1.453,549
190317,1.1392,42
190318,1.4272,459
200001,1.5291,"1,179"
200008,1.7016,695
200009,2.3451,"6,851"
200018,1.4618,565
200019,1.526,"2,073"
200020,1.5381,"1,040"
200021,1.4881,"1,238"
200024,2.1227,"2,012"
200031,1.3735,415
200033,2.0297,"5,509"
200034,1.7193,705
200037,1.3711,421
200039,1.5171,"2,320"
200041,1.4213,228
200050,1.4671,580
200052,1.302,371
200063,1.4704,866
210001,1.5834,"6,202"
210002,3.1443,"6,936"
210003,1.9659,"3,317"
210004,1.9361,"3,602"
210005,1.5886,"5,977"
210006,1.3716,"1,723"
210008,2.3115,"2,830"
210009,2.4287,"9,925"
210011,1.7422,"3,847"
210012,1.9275,"5,805"
210013,1.2036,39
210015,1.5983,"7,203"
210016,2.0448,"4,230"
210017,1.5457,714
210018,1.588,"2,511"
210019,1.884,"7,168"
210022,1.894,"5,784"
210023,1.6261,"9,247"
210024,2.197,"4,857"
210027,1.7677,"4,843"
210028,1.457,"3,008"
210029,1.6744,"5,760"
210030,1.4337,315
210032,1.5845,"2,130"
210033,1.5697,"4,167"
210034,1.4685,"2,110"
210035,1.6688,"2,652"
210037,1.6543,"2,819"
210038,1.5994,"1,436"
210039,1.5697,"2,458"
210040,1.6014,"3,181"
210043,1.8725,"5,795"
210044,1.6225,"4,066"
210048,1.5113,"5,507"
210049,1.6822,"5,205"
210051,1.6208,"4,010"
210056,1.5786,"4,313"
210057,1.6833,"4,933"
210058,1.3543,686
210060,1.4565,825
210061,1.6437,"1,512"
210062,1.7018,"3,794"
210063,2.0037,"5,728"
210064,1.3898,806
210065,1.656,"1,308"
210068,1.4266,211
220001,1.4902,"2,216"
220002,1.5937,"3,395"
220008,1.3886,"3,230"
220010,1.5076,"2,931"
220011,1.4685,"1,438"
220012,1.8913,"7,944"
220015,1.4953,"2,323"
220016,1.2253,"1,705"
220017,1.5363,"1,009"
220019,1.3058,"1,373"
220020,1.5967,"3,904"
220024,1.4592,"1,506"
220029,1.4566,"2,036"
220030,1.3323,"1,468"
220031,2.1144,"4,081"
220033,1.4271,"5,798"
220035,1.5259,"6,018"
220036,2.4098,"3,409"
220046,1.654,"5,060"
220049,1.412,"1,282"
220052,1.4744,"2,727"
220060,1.5615,"5,392"
220062,1.0803,"2,182"
220063,1.5644,"5,643"
220065,1.2643,"1,034"
220066,1.675,"2,434"
220070,1.5176,"3,119"
220071,2.4955,"16,336"
220073,1.4939,"2,683"
220074,1.7158,"11,398"
220075,1.8864,360
220077,1.9031,"12,490"
220080,1.53,"4,234"
220083,1.3424,"2,080"
220084,1.5486,"2,077"
220086,2.3102,"10,277"
220088,2.3838,"2,631"
220090,1.4642,"3,766"
220095,1.4552,"1,137"
220098,1.4071,666
220100,1.5292,"11,598"
220101,1.5965,"5,602"
220105,1.367,"3,888"
220108,1.4998,"2,803"
220110,2.6282,"13,416"
220111,1.5812,"5,330"
220116,2.4307,"4,449"
220119,1.526,"3,314"
220135,1.5645,"2,957"
220163,2.0974,"10,565"
220171,2.0531,"9,215"
220175,1.5426,"2,737"
220176,1.7476,"3,402"
220177,1.0771,199
230002,1.5879,"5,134"
230003,1.5624,318
230005,1.6351,976
230013,1.2638,29
230015,1.477,311
230017,2.0726,"4,943"
230019,1.9382,"7,813"
230020,2.0619,"5,844"
230021,1.8945,"3,564"
230022,1.3864,672
230024,1.9136,"2,659"
230029,1.8828,"5,047"
230030,1.581,951
230031,1.6891,"1,180"
230035,1.4387,587
230036,1.6574,"1,389"
230037,1.5751,416
230038,2.3259,"9,475"
230041,1.9099,"4,467"
230046,2.4713,"10,169"
230047,1.7416,"5,746"
230053,2.407,"6,583"
230054,2.1445,"2,680"
230055,1.5749,645
230058,1.4557,644
230059,1.8109,"2,924"
230066,2.1023,"3,864"
230069,1.4908,968
230070,1.9585,"6,113"
230071,1.3682,169
230072,1.5015,"1,357"
230075,1.6869,"2,151"
230077,2.0849,"2,878"
230078,2.2446,10
230080,1.7236,579
230081,1.6015,960
230085,1.2444,142
230089,1.6083,"2,963"
230092,1.9366,"4,565"
230093,1.3672,510
230095,1.5385,595
230096,1.1297,206
230097,2.0117,"6,069"
230099,1.5874,"1,592"
230100,1.4177,434
230104,2.0571,"2,268"
230105,1.9125,"3,059"
230108,1.5815,285
230110,1.4697,617
230117,2.1821,"3,746"
230121,1.6586,980
230130,2.014,"12,804"
230132,1.8365,"2,260"
230133,1.3137,495
230141,1.9806,"4,536"
230142,1.697,"1,331"
230144,1.6123,35
230146,1.7247,"3,671"
230151,1.6521,"3,492"
230156,1.8903,"8,274"
230165,2.1215,"5,343"
230167,1.831,"2,372"
230174,1.4225,197
230176,1.5907,"2,989"
230180,1.4537,263
230193,1.7872,"1,494"
230195,1.8508,"5,961"
230197,1.8808,"4,162"
230207,1.9005,942
230208,1.3247,190
230216,1.741,"3,208"
230217,1.6295,730
230222,2.1001,"4,240"
230227,1.9039,"3,582"
230230,1.8879,"5,787"
230236,2.2677,"1,629"
230239,1.4701,618
230241,1.5458,270
230244,1.8929,"1,913"
230254,1.8233,"2,823"
230259,1.437,"1,041"
230264,2.8753,19
230269,1.7577,"10,229"
230270,1.5796,"1,631"
230273,2.2197,"2,098"
230275,0.7858,35
230277,1.7891,"1,691"
230279,1.3796,179
230297,2.6577,570
230301,2.0672,197
230302,1.6834,"3,418"
230303,1.4886,379
240001,2.114,"3,838"
240002,2.2026,"5,740"
240004,2.0438,"2,923"
240006,1.4815,284
240010,2.5632,"18,449"
240014,1.474,368
240018,1.4479,564
240019,1.5389,912
240020,1.4262,517
240022,1.4552,305
240030,1.9112,884
240036,2.3203,"6,989"
240038,2.2494,"4,697"
240040,1.4007,697
240043,1.3405,"1,215"
240044,1.3101,428
240047,1.9873,"4,089"
240050,1.5161,660
240052,1.6348,561
240053,1.8111,"6,180"
240056,1.615,"1,639"
240057,2.5452,"7,908"
240059,1.5173,357
240063,2.4194,719
240064,1.484,681
240066,1.4727,"1,233"
240069,1.4102,500
240071,1.4507,375
240075,1.606,"1,263"
240076,1.6263,427
240078,2.121,"4,191"
240080,2.7072,"4,846"
240084,1.5368,536
240088,1.6173,718
240093,1.8162,"2,949"
240100,1.7438,"1,642"
240101,1.4317,541
240104,1.7309,981
240106,2.1268,"6,433"
240115,1.97,"6,286"
240141,1.4786,385
240166,1.3083,404
240187,1.416,513
240206,0.9814,49
240207,1.7216,"2,349"
240210,1.8547,"2,386"
240213,1.7364,"1,231"
240214,1.7142,850
250001,2.3514,"5,864"
250002,1.1389,460
250004,2.1548,"9,015"
250006,1.5993,965
250007,1.7391,758
250009,1.702,"3,436"
250012,0.9915,160
250017,0.974,6
250018,0.9083,5
250019,1.7993,"5,198"
250020,1.1682,456
250025,1.388,755
250027,1.1671,264
250031,1.909,"1,658"
250034,1.8609,"5,267"
250036,1.6014,261
250038,1.7783,331
250040,1.9321,"4,774"
250042,1.5601,354
250043,1.3222,379
250044,1.5395,397
250048,1.9038,"7,737"
250049,1.0388,69
250050,1.8642,576
250057,1.8574,840
250058,1.5015,"2,226"
250060,0.9616,33
250061,0.8569,192
250067,1.4617,409
250069,1.8273,"1,760"
250072,2.6771,"1,239"
250077,1.3355,417
250078,2.1747,"7,112"
250082,1.6813,"1,868"
250084,1.6997,995
250085,1.3479,202
250093,1.7512,811
250094,1.8343,"2,121"
250095,1.2712,235
250096,1.8033,497
250097,1.9169,"1,295"
250099,1.7766,"1,254"
250100,2,"3,302"
250102,2.027,"7,127"
250104,1.9634,"2,979"
250117,1.7205,511
250123,1.7413,716
250124,1.2344,303
250127,0.9672,29
250128,1.3243,362
250134,1.1061,106
250136,1.4152,24
250138,2.2054,841
250141,1.9168,"5,599"
250151,1.0362,304
250152,0.7911,1
250162,1.6754,178
250167,1.7781,"1,296"
250168,1.5633,731
260001,1.8692,"3,179"
260005,1.787,"1,991"
260006,1.9496,"5,560"
260009,1.5662,"1,377"
260011,1.8111,"1,589"
260017,1.5875,"2,228"
260020,2.0084,"7,550"
260022,1.7331,725
260023,1.6569,"2,466"
260024,1.211,475
260025,1.6534,"1,873"
260027,2.272,"3,528"
260032,2.6222,"13,574"
260034,1.4798,243
260040,2.1379,"6,596"
260047,1.68,"1,597"
260048,1.6937,"1,192"
260050,1.4229,321
260052,1.7638,"1,352"
260057,1.3021,682
260059,1.6289,336
260061,1.1523,195
260062,1.679,"1,913"
260064,1.2881,255
260065,2.1561,"6,906"
260068,2.1474,"4,634"
260070,1.1276,156
260074,1.6931,518
260077,1.8726,"6,942"
260078,1.6872,"1,513"
260081,1.9018,"2,557"
260085,2.0953,"1,798"
260091,1.7956,"2,689"
260094,1.6612,"1,638"
260095,1.7891,"3,807"
260096,2.0278,"5,242"
260097,1.496,648
260102,1.4792,422
260104,2.0305,"4,075"
260105,2.5798,"3,235"
260108,2.0162,"6,287"
260110,2.1253,"3,045"
260113,1.7956,"1,129"
260119,1.7577,"2,638"
260137,1.974,"4,467"
260138,2.5353,"5,950"
260141,2.1793,"5,851"
260142,1.1788,459
260160,1.2503,380
260162,1.8157,830
260163,1.622,"1,339"
260175,1.5247,777
260176,1.9689,564
260177,1.8022,"2,421"
260179,1.934,"4,779"
260180,1.9659,"3,083"
260183,2.0275,"3,251"
260186,1.7637,"1,791"
260190,1.6662,"1,618"
260191,1.5924,"1,716"
260193,1.8185,"1,120"
260195,1.9174,633
260200,1.6468,"2,759"
260209,1.0244,25
260210,1.3958,531
260214,1.3519,"1,191"
260216,1.6738,"3,910"
260219,1.5684,744
270003,1.4665,"1,846"
270004,2.2825,"5,166"
270012,1.8517,"3,519"
270014,2.2767,"3,992"
270017,2.0265,"1,265"
270023,1.8643,957
270032,1.4869,400
270049,2.247,"3,512"
270051,2.067,"2,620"
270057,1.8056,"2,074"
270074,1.2204,70
270086,1.9789,628
270087,2.2307,46
280003,2.2692,"9,551"
280009,2.2094,"1,824"
280013,2.4797,"7,826"
280020,2.0033,"1,834"
280023,1.8611,"1,570"
280032,1.7058,"1,242"
280040,2.1705,"5,136"
280060,2.3372,"3,734"
280061,1.8111,"2,190"
280065,1.7694,"2,234"
280077,1.4932,911
280081,1.9638,"1,482"
280105,1.5351,344
280111,1.4829,637
280125,1.8069,"1,829"
280127,2.0201,143
280128,3.4399,912
280129,2.4585,234
280130,1.8515,"1,723"
280131,2.5421,357
280132,1.3396,"1,893"
280133,5.2829,229
280134,2.2678,"1,532"
280139,1.5941,512
290001,2.1442,"7,687"
290003,2.2585,"6,175"
290005,1.675,"1,556"
290007,2.1385,"3,004"
290008,1.5326,654
290009,2.1664,"3,352"
290012,1.1032,41
290019,1.8393,"3,894"
290021,1.9758,"2,903"
290022,1.8677,"2,167"
290032,1.8551,"1,319"
290039,1.9994,"6,867"
290041,1.7161,"3,792"
290045,2.0741,"5,022"
290046,2.1977,"3,216"
290047,2.0195,"2,764"
290049,1.5624,"1,557"
290053,2.0029,"1,705"
290054,1.7852,"3,251"
290057,1.7611,"3,009"
290058,1.2928,132
300001,2.0043,"4,187"
300003,2.5322,"7,050"
300005,1.5361,"1,268"
300011,1.545,"1,898"
300012,1.6331,"3,724"
300014,1.4153,"1,046"
300017,1.488,"1,656"
300018,1.529,"2,814"
300019,1.554,"1,679"
300020,1.543,"2,660"
300023,1.5637,"1,925"
300029,2.0613,"3,555"
300034,2.1592,"4,553"
310001,2.4506,"9,334"
310002,2.4591,"2,032"
310003,1.675,"1,686"
310005,1.5813,"3,277"
310006,1.9332,"1,295"
310008,1.864,"3,144"
310009,1.7715,"2,540"
310010,1.5991,"4,336"
310011,1.4547,"2,601"
310012,1.99,"6,815"
310014,2.1976,"7,372"
310015,2.3002,"12,492"
310016,1.6397,"1,074"
310017,1.6378,"3,445"
310019,2.1437,"4,084"
310021,1.9526,651
310022,1.5268,"8,582"
310024,1.7173,"1,608"
310025,1.6423,"1,606"
310027,1.8429,"1,240"
310028,1.5155,"3,225"
310029,2.4272,"3,515"
310031,2.8965,"1,540"
310032,1.6654,"4,635"
310034,1.6975,"4,702"
310038,2.3748,"7,891"
310039,1.5972,"3,214"
310040,1.6046,716
310041,1.6184,"8,531"
310044,1.7259,"2,049"
310045,1.9698,"4,882"
310047,1.4958,"3,123"
310048,1.5767,"4,866"
310050,1.6766,"3,891"
310051,1.8497,"5,653"
310052,1.6273,"6,476"
310054,1.6567,"2,948"
310057,1.5571,"3,741"
310058,1.2134,351
310060,1.6043,"1,875"
310061,1.412,"1,297"
310064,1.8625,"7,406"
310069,1.618,"4,347"
310070,1.6853,"2,945"
310073,2.2766,"10,200"
310074,1.8899,"2,118"
310075,1.7437,"2,860"
310076,2.1011,"6,267"
310083,1.7543,802
310084,1.7071,"1,872"
310086,1.6312,"8,866"
310091,1.4131,"1,036"
310092,1.9999,"1,577"
310096,2.0556,"1,100"
310108,1.9587,"4,958"
310110,1.5866,"2,448"
310111,1.5703,"4,370"
310112,1.6878,"2,982"
310113,1.541,"3,164"
310115,1.4949,"1,660"
310118,1.7998,588
310119,2.1342,"1,600"
310130,1.7031,"1,366"
320001,2.414,"3,507"
320002,1.853,"2,792"
320003,1.3753,228
320004,1.6554,"1,062"
320005,1.8846,"2,994"
320006,1.7132,"1,173"
320009,2.5108,"3,769"
320011,1.4931,331
320017,1.6028,603
320018,1.85,"2,029"
320021,2.0133,"7,875"
320022,1.5485,849
320030,1.6601,374
320033,1.3396,207
320038,1.7327,506
320059,1.4179,590
320060,1.212,117
320061,1.2142,564
320062,1.1709,88
320063,1.974,423
320065,1.611,376
320067,1.1158,74
320074,1.5925,606
320084,1.3104,146
320085,2.1179,"2,349"
320086,1.6907,345
320089,1.7907,663
320090,1.5614,405
320091,2.3492,41
330004,1.6252,4
330005,2.1467,"7,708"
330006,1.6889,603
330008,1.4037,355
330009,1.7942,"1,575"
330011,1.6406,"2,559"
330013,2.3033,"7,976"
330014,1.8604,"1,887"
330019,1.6451,"3,015"
330023,2.0492,"7,576"
330024,2.73,"11,528"
330027,1.5183,"2,486"
330028,2.1193,"1,772"
330030,1.3888,"1,048"
330033,1.3263,280
330043,2.1186,"6,219"
330044,1.5322,"3,048"
330045,1.7606,"6,522"
330046,2.0886,"6,411"
330047,1.5839,985
330049,1.5199,"1,642"
330055,1.8258,"5,958"
330056,1.8753,"1,665"
330057,1.9522,"6,550"
330058,1.6226,956
330059,2.0799,"11,221"
330065,1.5449,638
330073,1.4901,993
330074,1.6602,"1,119"
330078,1.7698,"1,501"
330079,1.834,746
330080,1.7335,"1,135"
330084,1.2303,369
330085,1.1841,805
330086,1.2457,206
330090,1.5025,"2,315"
330094,1.5784,"1,274"
330096,1.3782,559
330100,2.4418,11
330101,2.3531,"23,512"
330102,1.6455,"1,145"
330103,1.5325,"2,051"
330104,1.7053,"3,178"
330106,2.1373,"13,380"
330107,1.555,"4,355"
330111,1.0369,234
330115,1.5145,662
330119,2.4009,"5,651"
330125,2.1949,"4,708"
330126,1.6691,"6,757"
330127,1.8267,"2,239"
330128,1.707,"1,442"
330135,1.4502,773
330136,2.0155,"3,096"
330140,2.1864,"6,202"
330141,1.8461,"3,588"
330144,1.1469,46
330151,1.3599,288
330153,1.9309,"3,135"
330157,1.4264,"1,895"
330158,1.8382,"4,115"
330160,1.9082,"7,870"
330162,1.7668,"2,637"
330163,1.2285,214
330164,1.6222,"2,955"
330166,1.0624,58
330169,1.8011,"5,132"
330175,1.3914,862
330180,1.6727,"2,279"
330181,1.6591,"1,392"
330182,2.2895,"10,470"
330184,1.6368,"1,853"
330185,1.8301,"3,909"
330188,1.5033,736
330191,1.5706,"2,942"
330193,1.9803,"1,617"
330194,2.2274,"7,609"
330195,1.7852,"11,906"
330196,1.8925,"3,019"
330197,1.3924,"1,338"
330198,1.9321,"6,132"
330199,1.7456,393
330201,1.6255,254
330202,1.7062,"1,482"
330203,1.7495,"4,273"
330204,2.0349,"1,673"
330205,1.6071,610
330208,1.5754,"2,766"
330211,1.3783,675
330214,2.1925,"24,647"
330215,1.6657,751
330218,1.5048,896
330219,1.9772,"2,660"
330221,1.6709,"1,305"
330222,1.5741,"2,769"
330223,1.2913,382
330224,1.4236,"2,264"
330226,1.7395,"2,887"
330229,1.3578,458
330231,1.6071,980
330233,1.8787,"2,689"
330234,2.3253,"5,580"
330235,1.4701,"1,598"
330236,1.9585,"5,633"
330238,1.364,562
330239,1.5089,"1,261"
330240,1.7873,931
330241,1.943,"6,741"
330245,1.9542,"2,560"
330246,1.5688,"1,954"
330250,1.6038,"3,039"
330259,1.6277,"2,189"
330261,1.7257,"2,445"
330264,1.5928,"2,828"
330265,1.3732,458
330267,1.5293,"2,653"
330270,2.5066,"4,788"
330273,1.6695,"1,514"
330276,1.5381,481
330277,1.4809,"1,104"
330279,1.9696,"3,368"
330285,2.4278,"6,584"
330286,2.0312,"6,578"
330304,1.7602,"6,465"
330307,1.5512,"1,796"
330331,1.5855,"3,440"
330332,1.5045,"2,574"
330350,1.8834,"1,168"
330385,1.4918,165
330386,1.5398,"1,169"
330393,1.9197,"13,693"
330394,2.0742,"3,879"
330395,1.8647,"1,513"
330396,1.9799,559
330397,1.7284,166
330399,2.0424,951
330401,1.5057,"4,384"
330406,1.4232,117
330411,2.3293,24
340001,1.8753,"6,043"
340002,2.136,"12,171"
340003,1.3968,"1,287"
340004,1.6712,"2,500"
340008,1.6451,"1,505"
340010,1.7802,"3,127"
340013,1.7521,843
340014,1.9641,"8,761"
340015,1.7812,"2,115"
340016,1.6667,984
340017,1.7295,"2,740"
340020,1.5037,"1,073"
340021,1.5503,"3,314"
340023,1.7797,"1,039"
340024,1.496,758
340027,1.6522,"2,076"
340028,1.7583,"7,701"
340030,2.6288,"10,555"
340032,1.8864,"5,686"
340039,1.5869,"2,251"
340040,2.2328,"10,745"
340041,1.7446,"1,213"
340042,1.6427,"1,607"
340047,2.3947,"7,531"
340049,2.4766,279
340050,1.5455,"2,952"
340051,1.7179,"1,397"
340053,2.3403,"5,170"
340060,1.3731,527
340061,2.4138,"7,166"
340064,1.513,646
340068,1.6767,"1,246"
340069,2.0382,"7,231"
340070,1.7366,"2,350"
340071,1.5217,"1,422"
340073,2.052,"3,449"
340075,1.6557,"1,419"
340084,1.2018,174
340085,1.4835,597
340087,1.4882,511
340090,1.6485,"2,931"
340091,1.9685,"7,943"
340096,1.4972,766
340097,1.4651,918
340098,1.7202,"5,058"
340099,1.6373,"1,089"
340107,1.7852,959
340109,1.7349,"1,843"
340113,2.4368,"10,147"
340114,2.1116,"8,350"
340115,1.9346,"7,329"
340116,1.8589,"2,085"
340119,1.4514,"1,189"
340120,1.4116,845
340123,1.4316,700
340126,1.7408,"2,158"
340127,1.6528,492
340129,1.8309,997
340130,1.605,"2,640"
340131,1.8035,"5,643"
340132,1.632,"1,164"
340133,1.6129,382
340141,2.0672,"11,746"
340142,1.5448,"2,248"
340143,1.9334,"2,042"
340144,1.5331,369
340145,1.4557,"1,394"
340147,1.616,"3,543"
340148,1.8308,190
340151,1.617,"1,527"
340155,1.8388,"3,659"
340156,1.0553,101
340158,1.5893,"1,610"
340159,1.4367,263
340166,1.6215,"1,144"
340168,0.8175,451
340171,1.5557,"2,595"
340173,1.5686,"3,479"
340183,1.513,"1,880"
340184,1.696,"1,382"
340186,1.4743,"1,319"
340187,1.4097,431
340188,1.4289,475
340190,1.3753,668
340193,3.6791,10
350002,2.0011,"2,497"
350006,1.9173,"2,955"
350011,2.1892,"9,368"
350015,2.0597,"4,651"
350019,1.9939,"3,715"
350063,1.0906,192
350070,2.1496,"2,907"
360001,1.7801,"3,030"
360002,1.4217,764
360003,2.2604,"4,566"
360006,2.3397,"11,146"
360008,1.8954,"2,979"
360009,1.8822,"2,297"
360010,1.5773,"1,248"
360011,1.706,"2,524"
360012,1.8974,"2,735"
360013,1.4485,623
360014,1.5788,707
360016,2.0326,"3,170"
360017,2.3092,"3,417"
360020,1.8147,"5,845"
360025,1.6585,"2,351"
360026,1.1655,171
360027,1.9134,"4,820"
360029,1.6161,540
360032,1.4745,519
360035,2.1774,"5,988"
360036,1.5952,"1,307"
360037,1.8912,442
360039,2.0522,"4,067"
360040,1.6626,"1,105"
360041,1.6905,"2,608"
360044,1.3174,663
360046,1.4462,502
360048,2.1972,"1,742"
360051,1.9981,"9,981"
360054,1.6734,"1,302"
360055,1.6404,"1,715"
360056,1.8544,"2,999"
360058,1.3216,868
360059,1.9073,"3,035"
360064,2.0682,"4,516"
360065,1.5406,"1,375"
360066,1.9777,"5,121"
360068,2.2543,"6,992"
360070,1.82,"2,771"
360071,1.6489,319
360072,1.743,"2,702"
360075,1.459,"1,068"
360076,1.806,"2,178"
360077,1.8474,"5,045"
360078,1.6891,"1,405"
360079,2.0939,"5,377"
360080,1.324,250
360081,1.6526,"1,424"
360082,1.5206,"1,213"
360084,1.9918,"3,823"
360085,2.2948,"9,633"
360086,1.8273,"2,805"
360087,1.9969,666
360089,1.3727,922
360090,1.9039,"2,466"
360091,1.5202,"2,456"
360092,1.4857,553
360095,1.6053,"2,540"
360096,1.5708,965
360098,1.7347,"3,190"
360107,1.4824,412
360109,1.5315,590
360112,2.2088,"3,345"
360118,1.9517,"3,831"
360121,1.4973,550
360123,1.69,"2,286"
360125,1.4738,"1,453"
360131,1.5992,457
360132,1.6905,"1,562"
360133,1.8083,"2,704"
360134,2.044,"3,299"
360137,2.6891,"5,320"
360143,1.5203,"2,043"
360144,1.5085,"1,686"
360145,1.7119,"2,271"
360147,1.8404,"3,682"
360148,1.358,300
360150,1.5791,696
360152,1.7884,"1,824"
360155,1.6905,"4,176"
360156,1.3587,417
360159,1.8294,"3,139"
360161,1.6841,"1,833"
360163,2.4324,"5,481"
360170,1.5657,547
360172,1.7404,"2,142"
360174,1.4896,"1,593"
360175,1.627,570
360179,2.0661,"6,251"
360180,3.055,"13,579"
360185,1.5487,780
360189,1.4907,251
360192,1.7098,"2,001"
360197,1.6454,468
360203,1.5913,829
360210,1.6434,486
360211,1.9462,"2,201"
360218,1.5422,"2,050"
360230,1.7315,"7,253"
360234,1.809,"3,314"
360236,1.6219,"1,718"
360239,1.5255,"1,659"
360245,1.4725,120
360247,0.8186,83
360259,1.5159,730
360262,1.6899,"1,486"
360263,2.3486,335
360266,3.0363,726
360270,1.3511,489
360276,1.6151,"2,918"
360348,1.8326,"1,414"
360351,2.3559,915
360352,2.9155,160
360354,1.6395,"2,733"
360355,2.5746,26
360358,0.9338,24
360359,1.7323,"2,731"
360360,1.595,"2,372"
360361,2.3165,31
360362,2.0801,2
360364,1.4638,"2,570"
360365,1.9424,476
360367,2.3785,212
360368,1.2632,435
370001,2.2936,"5,491"
370002,1.8152,507
370004,1.6614,418
370006,1.7658,734
370008,1.8529,"4,866"
370013,2.0005,"5,477"
370014,1.5542,"2,361"
370015,1.4796,190
370016,1.8025,924
370018,1.9049,"1,681"
370019,1.7604,496
370020,1.7123,"1,347"
370022,1.7856,897
370023,1.5221,"1,520"
370025,1.7213,"3,057"
370026,1.7335,"1,724"
370028,2.3193,"7,604"
370029,1.3705,280
370030,1.2439,198
370034,1.754,"1,264"
370037,2.0325,"5,335"
370039,1.4264,792
370041,2.1402,673
370047,1.8122,"2,069"
370049,1.7438,"1,892"
370054,1.6373,384
370056,1.7872,"3,685"
370057,1.3385,243
370078,1.999,"1,805"
370083,1.1081,218
370089,1.962,"1,652"
370091,2.1658,"11,066"
370093,2.2863,"5,659"
370094,1.6817,"1,791"
370097,1.531,998
370099,1.1714,227
370100,1.0975,461
370106,2.0125,"2,705"
370112,1.2169,251
370113,1.6293,555
370114,2.1797,"7,776"
370139,1.2574,130
370149,1.9287,"1,072"
370153,1.3995,241
370158,1.1371,204
370166,1.3125,510
370170,1.3732,77
370171,1.4516,567
370172,1.1616,180
370173,1.4518,135
370178,1.2147,296
370180,1.5041,578
370183,1.1651,176
370190,2.2484,139
370192,3.9211,41
370199,1.0781,12
370201,2.4179,64
370202,1.841,"2,560"
370203,2.9682,654
370206,4.5191,542
370210,2.3051,"1,280"
370211,1.6403,"1,087"
370212,2.109,152
370214,1.4851,5
370215,2.9077,"3,319"
370216,3.7972,343
370218,1.616,"1,807"
370220,2.4096,125
370222,2.3049,"1,460"
370225,2.008,33
370227,1.3596,303
370228,1.6094,224
370229,1.3138,215
370234,2.62,"1,618"
370235,1.9208,566
370236,1.8057,"1,038"
370237,1.279,448
370240,1.279,108
370243,1.1487,12
380001,1.5516,783
380002,1.5535,"1,752"
380004,2.3746,"5,121"
380005,1.7241,450
380007,2.5703,"2,015"
380009,2.967,"4,465"
380014,1.8632,"2,263"
380017,2.0403,"2,020"
380018,2.2677,"4,235"
380020,2.024,"1,580"
380021,1.8979,750
380022,1.5916,570
380025,1.5639,"1,064"
380027,1.7923,"1,652"
380029,1.4562,202
380033,1.1225,276
380037,1.4362,552
380038,1.5643,657
380040,1.5127,842
380047,2.2536,"5,014"
380050,1.7137,"1,533"
380051,2.0042,"4,425"
380052,1.5863,454
380056,1.4997,218
380060,2.1064,"1,520"
380061,1.984,"3,297"
380071,1.5365,792
380075,1.8889,"1,664"
380082,1.3948,562
380089,1.7021,"1,851"
380090,1.6842,"2,102"
380091,2.0937,774
380102,2.1658,"5,541"
380103,1.6823,338
390001,1.8293,"4,520"
390002,1.3699,800
390003,1.3,436
390004,1.8631,"2,975"
390006,2.1041,"7,141"
390009,1.971,"3,198"
390012,1.545,"2,364"
390013,1.6094,"1,662"
390016,1.55,"1,151"
390025,0.8255,2
390026,1.6212,"2,064"
390027,2.2392,"6,339"
390028,1.9091,"2,633"
390030,1.4749,"1,553"
390032,1.5465,637
390035,1.5431,"1,410"
390036,1.7601,"1,734"
390037,1.8354,"1,043"
390039,1.6912,605
390041,1.522,"1,417"
390042,1.6716,"1,706"
390044,1.7486,"8,494"
390045,1.9473,"3,555"
390046,2.136,"7,620"
390048,1.497,"1,379"
390049,2.1235,"9,510"
390050,2.5627,"4,626"
390052,1.3875,318
390056,1.3524,499
390057,1.7146,"2,460"
390058,1.5457,"1,714"
390062,1.6466,433
390063,2.0968,"5,098"
390065,1.5644,"1,843"
390066,1.7956,"1,793"
390067,2.0445,"9,079"
390068,1.5682,754
390070,1.6963,691
390071,1.3082,245
390072,1.1826,232
390073,1.8134,"4,335"
390076,1.5043,"1,300"
390079,1.9212,"4,245"
390081,1.6686,"1,069"
390086,1.7176,"2,725"
390090,2.2406,"1,112"
390091,1.3925,"1,374"
390093,1.4749,456
390096,1.7841,"1,934"
390097,1.547,"2,358"
390100,1.9326,"8,341"
390101,1.6469,"1,734"
390102,1.5687,"2,203"
390104,1.4071,128
390107,1.7528,"3,733"
390110,1.8597,"2,643"
390111,2.9225,"7,855"
390112,1.3974,281
390113,1.6484,"1,581"
390114,1.8041,"1,072"
390115,1.8439,"5,987"
390116,1.8418,582
390117,1.3964,399
390119,1.7188,"1,456"
390123,1.4703,"2,310"
390125,1.315,"1,160"
390127,1.7347,"1,991"
390133,1.9452,"17,097"
390137,1.6925,"3,983"
390138,1.3805,776
390139,1.7824,"4,517"
390142,1.9728,"3,552"
390145,2.0017,"2,193"
390146,1.3573,790
390147,1.6283,"1,080"
390150,1.2868,115
390151,1.7425,"3,924"
390153,1.7495,"4,831"
390156,1.7624,"1,775"
390157,1.5258,328
390160,1.4913,334
390162,1.3499,520
390163,1.493,552
390164,2.4392,"10,078"
390168,1.9873,"1,655"
390173,1.5311,"1,077"
390174,2.4801,"9,851"
390178,1.384,702
390179,1.6475,"4,790"
390180,1.9818,"3,214"
390183,1.4396,"1,011"
390184,1.2378,95
390185,1.5237,"1,852"
390192,1.1623,125
390194,1.4211,908
390195,2.3024,"5,619"
390197,1.3598,120
390198,1.3891,379
390199,1.5323,236
390201,1.7301,"2,540"
390203,1.8561,"4,730"
390204,1.6869,"1,892"
390211,1.6411,"1,484"
390217,1.4767,412
390219,1.6966,"1,103"
390220,1.4811,830
390222,1.6929,"3,593"
390223,2.5724,"4,258"
390225,1.7582,"1,390"
390226,2.1645,"3,325"
390228,1.6992,"3,133"
390231,1.8395,"9,430"
390233,1.5842,"1,994"
390236,1.6078,29
390237,1.9572,"3,194"
390256,2.2129,"5,773"
390258,1.736,"5,742"
390265,1.7997,"2,080"
390266,1.4541,313
390267,1.8332,"2,315"
390268,1.771,"2,434"
390270,1.8721,"5,372"
390272,1.4391,169
390278,0.9573,94
390304,1.7625,699
390307,2.0212,154
390312,2.1117,70
390314,1.8734,234
390316,2.2452,263
390321,3.1147,187
390322,2.0379,821
390323,2.06,197
390324,2.1075,646
390325,2.1824,441
390326,1.5006,"3,608"
390327,2.237,153
390328,1.648,"1,587"
390329,1.6894,"3,180"
390330,1.5227,"2,904"
390331,1.0672,41
390332,1.4979,"1,136"
390333,1.2613,103
400001,1.5996,371
400003,1.4554,222
400004,1.278,225
400005,1.3794,97
400006,1.5379,300
400007,1.4792,108
400011,1.3671,195
400012,1.5062,98
400013,1.917,665
400014,1.6171,199
400015,1.4216,167
400016,1.9474,"1,720"
400018,1.4804,513
400019,1.8195,436
400021,1.8176,475
400022,1.8208,395
400032,1.6607,378
400044,1.7453,894
400048,1.3773,375
400061,2.5027,345
400079,1.7029,240
400087,1.5374,621
400098,1.4741,260
400102,1.607,419
400103,1.9653,652
400104,1.4842,641
400105,1.8507,112
400106,1.2712,224
400109,1.7944,556
400110,1.2354,120
400111,1.3945,221
400112,1.4389,483
400113,1.5074,321
400114,1.6608,763
400115,1.9055,124
400117,1.1874,385
400118,1.5115,855
400120,1.9607,570
400122,1.8189,122
400123,1.5635,353
400124,2.2039,273
400125,1.6011,108
400126,1.3477,172
400127,1.1704,13
400128,1.3478,73
400131,1.3394,175
400132,1.4727,353
400133,1.3708,26
400134,0.905,9
400135,1.7743,22
410004,1.5965,"1,123"
410005,1.7602,849
410006,1.4474,"1,209"
410007,2.1276,"7,207"
410008,1.5559,"2,309"
410009,1.5077,"3,238"
410010,1.4065,127
410011,1.6961,"1,273"
410012,1.6357,"4,800"
410013,1.4961,"1,071"
420002,1.9167,"3,532"
420004,2.5491,"8,755"
420005,1.5767,514
420007,1.9108,"8,243"
420009,1.6414,"1,960"
420010,1.762,"1,160"
420011,1.3467,186
420015,1.7133,"1,071"
420018,2.5231,"5,239"
420019,1.6357,216
420020,1.7619,"1,178"
420023,2.0122,"5,368"
420026,2.0841,"2,403"
420027,1.7987,"4,853"
420030,1.6469,950
420033,1.4464,"1,164"
420036,1.5825,"1,280"
420037,1.4873,659
420038,1.5182,891
420043,1.3613,390
420048,1.5757,"1,155"
420049,1.6509,"2,423"
420051,1.9298,"7,921"
420053,1.8448,635
420055,1.4635,755
420057,1.3107,1
420065,1.6843,"2,284"
420066,1.2106,195
420067,1.6396,"2,451"
420068,1.7256,"1,850"
420070,1.6421,"2,279"
420071,1.7867,"3,120"
420072,1.3651,241
420073,2.0462,"8,101"
420078,2.2277,"8,154"
420079,2.0157,"6,194"
420080,1.6458,"2,740"
420082,1.8398,"2,357"
420085,2.0408,"7,569"
420086,1.8441,"2,335"
420087,2.1968,"4,733"
420089,2.2177,"1,039"
420091,1.7742,"3,233"
420098,1.6397,"2,617"
420101,1.5496,915
420102,2.265,153
420103,1.743,877
420104,1.5497,989
420105,1.6682,"3,411"
420106,1.8062,"1,157"
420107,1.5077,715
420108,1.2334,173
420109,1.6085,434
420110,1.4915,750
430005,1.6541,"1,309"
430008,1.4445,456
430012,1.7746,"1,158"
430013,1.5601,692
430014,1.9012,"1,786"
430015,1.5762,765
430016,1.9386,"7,534"
430027,2.1206,"7,502"
430048,1.6559,457
430077,2.0471,"5,888"
430084,0.9482,105
430089,3.3377,317
430090,2.4502,874
430091,2.4319,850
430093,1.4623,14
430095,3.0764,"1,472"
430097,1.4325,546
430098,1.1077,166
440001,1.1867,86
440002,2.1017,"8,845"
440003,1.5977,"1,845"
440006,1.9752,"3,767"
440007,1.3906,293
440008,2.0334,344
440009,1.5736,"1,944"
440010,1.0969,160
440011,1.7741,"2,303"
440012,1.7348,"3,994"
440015,2.0242,"7,546"
440016,1.5655,401
440017,1.9218,"4,269"
440018,1.4587,825
440020,1.4214,413
440029,1.7672,"2,850"
440030,1.6124,"1,601"
440031,1.519,706
440032,1.1478,65
440033,1.6495,279
440034,1.8495,"2,467"
440035,1.6727,"2,766"
440039,2.5302,"11,700"
440040,1.0679,15
440046,1.7972,"1,564"
440048,2.2609,"11,430"
440049,2.1619,"12,841"
440050,1.576,"1,078"
440053,1.6416,"5,179"
440056,1.6445,652
440057,1.6157,345
440058,1.68,725
440059,1.9083,"5,331"
440060,1.6096,211
440061,1.5319,321
440063,1.8942,"4,920"
440065,1.7675,606
440068,1.5094,630
440072,1.8387,"1,038"
440073,1.7761,"3,800"
440081,1.6972,946
440082,2.3461,"10,006"
440084,1.6234,434
440091,2.1722,"7,389"
440102,1.5337,379
440104,2.0859,"6,280"
440109,1.3603,329
440110,1.4933,667
440111,1.7271,117
440120,2.1012,"3,209"
440125,1.9557,"3,532"
440130,1.5286,750
440131,1.4329,373
440132,1.7178,848
440137,1.4513,249
440144,1.5801,871
440148,1.4308,133
440150,1.7376,"3,368"
440151,1.3612,650
440152,2.5777,"1,020"
440153,1.6425,431
440156,1.9496,"4,015"
440161,2.533,"6,346"
440173,2.0731,"5,594"
440175,1.4864,557
440176,1.2994,269
440180,1.298,10
440183,2.2002,"1,936"
440184,1.5565,"1,103"
440185,1.7789,"2,098"
440187,1.4172,521
440192,1.3112,132
440193,1.601,"1,262"
440194,1.8054,"1,791"
440197,1.8174,"1,111"
440200,1.06,86
440218,3.8669,450
440227,1.8938,"1,276"
440228,2.0579,"2,086"
440231,1.0943,6
450002,2.0131,"1,216"
450007,1.7371,"1,617"
450010,1.9305,"4,997"
450011,1.94,"4,632"
450015,2.0638,"2,527"
450018,1.9599,"6,056"
450021,2.4943,"8,543"
450023,1.7202,"1,927"
450024,2.2074,"1,490"
450028,1.9936,"1,588"
450029,2.0531,"2,556"
450032,1.9527,"4,265"
450033,2.0058,"2,775"
450034,1.9576,"3,461"
450035,1.8664,824
450039,2.1174,"2,056"
450040,2.1307,"5,117"
450042,1.9179,"4,145"
450044,2.475,"8,651"
450046,2.2147,"4,426"
450051,2.3588,"2,731"
450054,2.1896,"7,019"
450055,1.5211,286
450056,2.2416,"3,415"
450058,2.072,"8,861"
450064,1.7906,"2,334"
450068,2.8148,"6,376"
450072,1.4658,914
450078,1.011,41
450079,1.7598,"2,232"
450080,1.6749,816
450082,1.5222,336
450083,2.1099,"6,130"
450085,1.5879,259
450087,1.8555,"1,743"
450090,1.5993,534
450092,1.9993,797
450097,2.0326,"1,488"
450099,1.7268,501
450101,1.8494,"2,828"
450102,2.1718,"7,645"
450104,1.5901,"1,342"
450107,2.0581,"2,942"
450108,1.203,273
450119,2.0853,"3,535"
450124,2.3672,"1,615"
450128,1.9522,"1,032"
450132,2.0187,"2,806"
450133,1.9388,"2,367"
450135,2.0848,"8,139"
450137,2.2256,"4,075"
450143,0.9908,42
450144,1.3156,128
450147,1.7682,"2,090"
450148,1.6965,658
450152,1.8575,"1,457"
450154,1.4627,461
450155,1.4295,144
450162,2.1806,83
450163,1.5084,415
450165,1.7143,398
450176,1.9063,"1,323"
450184,2.1299,"11,547"
450187,1.3675,510
450193,2.914,"4,777"
450194,1.9202,299
450196,1.7197,"3,148"
450200,1.7361,"1,960"
450203,1.7532,"1,674"
450209,2.1121,"2,779"
450210,1.2059,255
450211,2.0272,"1,704"
450213,2.1798,"3,908"
450222,1.9052,"2,918"
450229,2.0075,"6,967"
450231,1.971,"6,246"
450235,1.3827,193
450236,1.6996,"1,092"
450237,1.9638,"5,628"
450241,1.7657,112
450253,1.1927,74
450271,1.7704,"1,692"
450272,1.7051,829
450289,2.1096,"1,016"
450292,1.5077,301
450324,1.8513,"6,358"
450330,1.8034,798
450340,1.793,47
450346,1.9118,"2,813"
450347,1.5783,875
450348,1.2901,44
450351,1.5613,403
450352,1.6227,"2,231"
450358,2.5125,"12,221"
450369,1.3803,207
450370,1.3182,337
450372,1.6951,"2,012"
450379,2.0005,465
450388,2.1124,"19,127"
450389,1.463,"1,476"
450395,1.7118,317
450399,1.3484,106
450400,1.744,167
450403,1.7853,"2,887"
450411,1.338,222
450419,1.4736,378
450422,2.7735,139
450424,1.9396,"2,669"
450431,2.5762,"6,880"
450447,1.7333,650
450451,1.1966,107
450460,1.3152,120
450462,2.123,"5,881"
450465,1.6393,481
450469,1.6195,"1,205"
450475,1.2351,360
450484,1.8642,"1,900"
450489,1.2385,160
450498,1.1858,116
450508,1.6776,875
450518,1.6698,"1,463"
450537,2.1166,"3,144"
450539,1.7893,336
450558,1.8672,129
450563,1.8015,"3,789"
450565,1.5827,573
450571,1.7688,"5,303"
450573,1.3302,217
450578,1.0097,106
450584,1.6019,354
450586,1.269,108
450587,1.8258,728
450596,1.9297,879
450597,1.3757,215
450604,1.8749,681
450610,2.1703,"3,560"
450617,1.9447,"5,777"
450634,1.9276,"3,176"
450638,2.1302,"1,617"
450639,1.7998,"2,538"
450641,1.3446,216
450643,2.0161,"1,155"
450644,1.897,"1,544"
450647,2.3881,"5,222"
450651,2.2342,"6,594"
450653,1.5222,417
450654,1.3148,244
450656,1.8356,"1,464"
450658,1.2355,175
450659,3.0638,741
450661,2.0568,972
450662,2.0192,"1,534"
450668,2.3151,"1,632"
450669,1.7143,"1,422"
450670,1.8937,"1,832"
450672,2.3364,"3,420"
450674,1.527,67
450675,2.0289,"3,190"
450677,1.8683,"2,282"
450678,2.0267,852
450684,1.9713,"2,435"
450686,2.2623,"3,508"
450688,1.8985,"1,320"
450690,1.4075,502
450694,1.6591,422
450697,2.0362,884
450698,1.5017,75
450702,2.1514,"2,897"
450709,1.7174,"1,897"
450711,2.0293,"1,853"
450713,2.0466,"4,977"
450718,2.0282,"3,111"
450723,1.8833,"3,286"
450730,1.7828,717
450742,1.7647,"2,111"
450743,1.8572,"2,457"
450747,1.5848,863
450755,1.5048,117
450771,1.8729,"3,479"
450774,2.0351,102
450775,1.982,"6,131"
450779,1.753,"2,678"
450788,1.9094,"3,601"
450801,1.9492,"4,833"
450803,2.3585,206
450804,2.6111,"1,390"
450808,4.3621,94
450809,1.8414,"3,682"
450820,1.9227,"5,218"
450822,1.7777,619
450825,3.0097,42
450827,2.597,421
450828,1.6454,550
450831,3.2243,50
450833,1.5514,165
450834,2.2246,233
450840,1.6627,903
450844,1.9122,"4,557"
450847,1.934,"2,451"
450848,1.8926,"1,616"
450851,3.0645,"1,178"
450853,2.2362,242
450855,2.1211,"1,105"
450856,2.9601,553
450860,2.2515,45
450862,1.9775,"2,496"
450864,2.8903,"1,048"
450865,1.4154,117
450867,1.5501,872
450869,2.3359,"2,585"
450871,2.2631,127
450872,2.1834,139
450874,3.1964,164
450875,2.8117,402
450876,2.4918,794
450877,2.9048,164
450880,3.1201,371
450883,2.3664,135
450885,1.8368,881
450888,2.482,207
450889,2.2095,256
450890,1.8732,"2,935"
450891,2.9438,63
450893,3.3886,389
460001,2.2714,"3,408"
460003,2.2192,545
460004,2.2506,"3,084"
460005,2.06,"1,304"
460006,2.0332,928
460007,1.6747,569
460009,2.5342,"6,172"
460010,2.3634,"5,276"
460011,1.5727,690
460013,2.0363,701
460014,1.5533,341
460015,1.9121,896
460017,1.5792,191
460019,1.5186,343
460021,2.1142,"5,428"
460023,1.6186,675
460026,1.4696,264
460030,1.4307,388
460039,1.5758,57
460041,1.9071,"1,061"
460042,1.9171,801
460043,1.5371,3
460044,1.5376,485
460047,2.1976,"2,770"
460049,2.9472,168
460051,1.8847,"1,359"
460052,2.1945,540
460054,1.9999,88
460057,1.6819,304
460058,1.492,552
460060,1.7316,273
460061,1.7656,417
460062,1.5705,44
470001,1.4019,"1,891"
470003,2.0318,"7,208"
470005,1.4811,"2,566"
470011,1.3427,658
470012,1.366,"1,394"
470024,1.3961,"1,009"
490001,1.3703,335
490002,1.3143,413
490004,1.7798,"4,274"
490005,1.8317,"7,364"
490007,2.8655,"6,976"
490009,2.6718,"7,748"
490011,1.8728,275
490013,1.5623,"1,185"
490017,1.9216,"2,544"
490018,1.716,"3,710"
490019,1.5778,"1,124"
490020,1.6269,"1,585"
490021,1.9899,"9,131"
490022,1.8338,"8,088"
490023,1.6269,"1,177"
490024,2.3531,"8,338"
490032,2.4536,"7,623"
490033,1.3722,756
490037,1.5509,876
490038,1.4779,409
490040,1.7343,"4,130"
490041,1.8021,"1,412"
490042,1.7006,"1,926"
490043,1.602,"4,323"
490044,1.7277,"3,681"
490045,1.8324,"1,526"
490046,1.7594,"5,146"
490048,1.7925,"5,416"
490050,2.0725,"5,249"
490052,1.904,"6,512"
490053,1.6326,"1,912"
490057,1.8846,"5,088"
490059,2.1143,"5,585"
490060,1.6747,840
490063,2.3552,"11,997"
490066,1.6805,"2,880"
490067,1.7027,"3,527"
490069,2.0111,"4,946"
490075,1.7114,"3,754"
490077,1.7803,"3,297"
490084,1.4503,712
490088,1.2473,794
490089,1.3934,439
490090,1.4875,"1,258"
490092,1.4354,506
490093,1.873,"2,437"
490094,1.2482,223
490097,1.3607,252
490098,1.5444,"1,079"
490101,1.7114,"2,583"
490104,0.8229,4
490107,1.9497,"3,320"
490110,1.8005,"1,980"
490111,1.6431,589
490112,2.0241,"10,345"
490113,1.7407,"2,746"
490114,1.4746,680
490115,1.5,638
490116,1.4588,605
490117,1.3541,203
490118,1.9505,"6,261"
490119,1.8511,"3,817"
490120,1.7578,"5,193"
490122,1.7279,"2,279"
490126,1.4589,685
490127,1.2665,270
490130,1.541,"1,294"
490136,1.8056,"2,855"
490140,1.4571,"1,255"
490141,1.6011,"1,659"
490143,1.4053,834
490144,1.6401,931
490145,1.6663,406
500002,1.6909,"2,305"
500003,1.6165,"2,258"
500005,2.3311,"4,807"
500007,1.9099,736
500008,2.4626,"7,844"
500011,1.7063,"1,416"
500014,1.8817,"5,886"
500015,1.7464,"1,349"
500016,1.9196,"3,816"
500019,1.4603,"1,241"
500021,1.6657,"1,342"
500024,2.1428,"5,315"
500025,3.3243,"2,438"
500026,1.6701,"1,955"
500027,2.1422,"3,743"
500030,1.8908,"4,446"
500031,1.6042,"1,183"
500033,1.5806,935
500036,1.7102,"3,383"
500037,1.2919,104
500039,2.1291,"4,371"
500041,1.6414,"1,746"
500044,2.2467,"3,137"
500050,2.1613,"4,319"
500051,1.9463,"2,878"
500052,1.5028,10
500053,1.6957,"1,701"
500054,2.5569,"6,765"
500058,1.9021,"6,168"
500060,1.4527,259
500064,2.5977,"3,261"
500072,1.6698,"1,986"
500077,1.8877,"1,945"
500079,1.6174,"5,695"
500084,1.7272,190
500088,1.9719,"3,508"
500108,2.5073,"4,129"
500119,1.6831,"1,365"
500124,1.7678,"3,317"
500129,2.11,"5,610"
500139,1.793,"1,058"
500141,1.7852,"1,578"
500148,1.4045,124
500150,1.6799,"2,048"
500151,1.6396,"2,083"
500152,1.8046,"1,358"
500154,1.2723,417
510001,2.3214,"8,651"
510002,1.4749,911
510006,1.7019,"4,201"
510007,1.9243,"5,305"
510008,1.615,"2,489"
510012,1.2087,404
510013,1.4794,969
510022,2.1246,"9,182"
510023,1.5875,"2,269"
510024,2.047,"2,631"
510029,1.4955,"2,120"
510030,1.5961,809
510031,1.4757,34
510038,1.4292,422
510046,1.627,"2,301"
510048,1.5574,"1,344"
510050,1.8136,"3,304"
510055,1.8851,"2,702"
510058,1.6683,"4,251"
510062,1.8296,"1,530"
510070,1.7657,"3,743"
510072,1.3338,164
510086,1.2134,203
510091,2.0366,210
520002,1.8803,695
520004,1.7189,"1,713"
520008,1.7416,"3,480"
520009,1.9762,"1,654"
520011,1.5764,575
520013,1.9561,"1,984"
520017,1.1827,314
520019,1.5885,691
520021,1.7204,"1,708"
520027,1.6111,"1,290"
520028,1.5609,815
520030,2.1898,"3,825"
520033,1.6375,569
520034,1.5028,553
520035,1.7405,912
520037,2.2244,"3,191"
520038,1.5448,406
520041,1.3643,538
520044,1.5185,407
520045,2.0253,"1,228"
520049,2.3268,"1,672"
520051,2.2133,"1,973"
520057,1.3855,780
520059,1.7237,765
520062,1.621,974
520063,1.4917,"1,245"
520066,1.8844,"1,756"
520070,1.9771,"4,611"
520071,1.5981,511
520075,2.1768,"1,856"
520076,1.5265,445
520078,1.6373,762
520083,2.0749,"6,648"
520087,2.1157,"3,798"
520088,1.8884,"1,460"
520089,1.7695,"2,956"
520091,1.4557,454
520095,1.6819,799
520096,1.6763,"2,568"
520097,1.7972,728
520098,2.419,"8,887"
520100,1.7095,"1,374"
520102,1.6641,679
520103,1.6544,"2,332"
520107,1.6187,597
520109,1.343,360
520113,1.4966,939
520116,1.4518,862
520136,1.6758,"2,536"
520138,2.2796,"8,951"
520139,1.6075,"1,820"
520160,2.1329,"1,711"
520177,2.3284,"8,270"
520189,1.7254,"1,600"
520193,2.0658,"1,955"
520194,2.2489,384
520196,2.8724,106
520198,1.9188,896
520202,1.8037,"1,170"
520205,2.2869,260
520206,1.8713,"1,259"
520207,1.8255,"1,878"
520208,1.5929,"1,010"
520210,1.967,792
520212,1.4907,409
520213,1.2285,30
530002,1.7992,706
530006,1.5449,"1,047"
530008,1.4865,826
530011,1.5838,469
530012,1.9515,"3,682"
530014,1.8067,"3,411"
530015,1.6288,657
530025,1.564,447
530032,1.4543,206
530034,2.7911,99
670004,1.5127,428
670005,2.3445,118
670006,2.6189,322
670008,2.2835,305
670023,1.8698,"2,727"
670025,3.764,"2,870"
670031,1.7297,719
670034,2.2526,"3,523"
670041,2.0229,"2,137"
670043,1.5692,"1,329"
670044,1.6308,"1,073"
670047,2.0628,"1,289"
670049,2.4264,680
670053,1.9261,856
670054,2.1457,109
670055,1.8647,"4,206"
670056,1.9834,"2,000"
670059,3.4072,212
670060,1.6411,"1,071"
670061,2.1133,166
670062,1.2675,149
670067,2.2833,663
670068,1.8277,"1,240"
670069,2.2107,332
670071,3.0006,335
670073,3.306,443
670075,1.8664,826
670076,2.0519,250
670077,1.9166,"2,993"
670078,1.326,285
670080,1.6963,"1,030"
670082,1.7234,"2,764"
670085,1.6473,"1,136"
670088,2.0062,"2,360"
670090,2.4347,188
670098,1.7189,"1,297"
670102,2.8693,106
670103,1.7878,898
670106,1.8447,677
670107,1.3188,67
670108,1.5973,883
670109,1.7502,52
670112,2.7189,822
670115,1.4155,44
670116,3.1506,119
670120,1.8567,958
670121,2.945,19
670122,1.9472,"3,970"
670124,1.3682,136
670125,0.9548,4
670128,1.533,263
670131,1.4533,99
670132,2.4556,87
670134,1.0776,45
670135,2.8412,6
670136,1.4767,147
670143,1.0378,41
670259,1.665,4
670260,1.9733,558
670265,2.6672,108
670266,3.9423,10
670267,0.6812,3
670280,3.2245,20
670285,1.1029,14
670300,1.5795,152
670309,1.6487,106
670310,1.071,2
