Facility ID,MSPB-1 Baseline Rate,MSPB-1 Performance Rate,MSPB-1 Achievement Points,MSPB-1 Improvement Points
10001,1.020251,1.016841,0,0
10005,1.011867,0.95781,2,3
10006,1.016924,0.994638,0,1
10007,1.110418,1.016687,0,3
10011,1.029416,0.993673,0,1
10012,0.977056,0.997522,0,0
10016,1.043276,1.017997,0,1
10019,1.089104,1.054691,0,1
10021,1.073415,1.008424,0,2
10023,1.02222,1.063343,0,0
10024,1.028768,1.038753,0,0
10033,0.976693,0.979236,1,0
10035,0.991098,0.958441,2,2
10036,0.974433,1.000947,0,0
10039,1.009971,1.004513,0,0
10040,1.049757,1.049113,0,0
10045,0.924763,0.867666,8,7
10046,0.941294,0.981113,1,0
10049,0.952116,0.953078,3,0
10055,1.028246,1.006508,0,1
10056,1.039442,1.006114,0,1
10061,1.009078,0.93529,4,4
10065,0.98923,0.880318,7,7
10069,1.013255,0.99344,0,1
10078,1.029918,1.025083,0,0
10079,0.963704,0.927666,4,3
10083,0.951887,0.953975,3,0
10085,0.985957,0.93273,4,3
10086,1.017158,0.958147,2,3
10089,1.014207,0.947619,3,3
10090,0.975794,0.951326,3,1
10092,0.98874,0.998271,0,0
10099,1.003518,0.94024,3,3
10100,0.956337,0.952497,3,0
10101,0.955343,0.975229,1,0
10103,1.014047,1.039992,0,0
10104,1.023866,1.013409,0,0
10108,0.947684,0.978932,1,0
10112,0.901927,0.952644,3,0
10113,0.996281,1.007834,0,0
10114,1.01349,0.971067,2,2
10118,0.98183,1.016747,0,0
10120,1.088242,0.971215,2,4
10125,0.916808,0.958551,2,0
10129,0.953056,1.025667,0,0
10130,0.927035,0.858545,9,8
10131,0.958595,0.94288,3,1
10139,1.079399,1.090598,0,0
10144,0.960405,0.954442,3,0
10148,0.916417,0.846823,9,9
10149,0.988409,0.984565,1,0
10158,0.976946,0.971228,2,0
10164,0.978418,0.934726,4,3
20001,0.92311,0.943078,3,0
20006,0.826209,0.885173,7,0
20008,0.938032,0.939556,4,0
20012,0.823364,0.828086,10,0
20017,0.896693,0.910567,5,0
20018,0.779392,0.80562,10,0
20024,0.861511,0.903721,6,0
20026,0.909977,0.917214,5,0
30002,0.972572,1.040253,0,0
30006,1.022003,1.012389,0,0
30007,0.969518,0.981957,1,0
30010,1.012152,1.018305,0,0
30011,1.035693,1.017444,0,0
30012,0.991372,0.999979,0,0
30013,0.980213,1.009932,0,0
30014,0.993993,0.989206,0,0
30016,0.955324,0.921096,5,3
30022,0.988226,1.050278,0,0
30023,1.015037,1.020631,0,0
30024,0.99608,1.017782,0,0
30030,1.035721,1.001801,0,1
30036,1.042383,1.055747,0,0
30037,0.978249,1.018818,0,0
30038,1.004937,0.993029,0,0
30043,0.92716,0.941515,3,0
30055,0.908515,0.931308,4,0
30061,0.945246,0.964587,2,0
30062,0.88061,0.929667,4,0
30064,1.009342,1.000083,0,0
30065,1.034337,1.03258,0,0
30069,0.946672,0.96178,2,0
30073,0.800403,0.862257,8,0
30083,0.971714,0.949268,3,1
30085,0.966979,1.005253,0,0
30087,1.010847,1.003919,0,0
30088,1.000706,0.967581,2,2
30089,0.992318,1.009121,0,0
30092,1.010825,0.989124,0,1
30093,0.94001,0.918663,5,2
30094,1.035812,1.015543,0,1
30101,0.893963,0.837003,10,9
30103,0.937141,0.968563,2,0
30105,0.986555,0.997817,0,0
30110,1.010511,1.002553,0,0
30111,0.913086,0.925608,4,0
30114,0.95175,0.957382,2,0
30115,0.941631,0.946811,3,0
30117,0.938991,0.808147,10,9
30119,0.998009,0.987965,0,0
30121,0.972752,0.971699,2,0
30122,0.994109,1.015185,0,0
30123,0.952348,0.93931,4,1
30130,0.900574,0.929947,4,0
30134,0.871652,0.845736,9,9
30139,0.994016,1.001289,0,0
40001,0.968161,0.972275,1,0
40002,1.00693,1.030124,0,0
40004,0.984203,0.992728,0,0
40007,0.993751,0.985401,1,0
40010,0.958406,1.025645,0,0
40011,0.850208,0.873934,8,0
40014,1.00403,1.035677,0,0
40016,1.005373,1.003005,0,0
40017,0.964453,0.99016,0,0
40019,0.900034,0.851738,9,8
40020,1.060768,1.08473,0,0
40022,1.011801,1.067471,0,0
40026,1.053765,1.049288,0,0
40027,0.968185,0.985377,1,0
40029,1.032055,1.035633,0,0
40036,0.986912,1.035989,0,0
40039,1.079552,1.083903,0,0
40041,0.998021,1.011713,0,0
40051,0.879339,0.96372,2,0
40055,1.039159,1.053588,0,0
40062,1.033857,1.068598,0,0
40067,1.046866,0.930276,4,5
40069,0.929858,1.096606,0,0
40071,1.080487,1.056134,0,1
40072,0.90631,0.921067,5,0
40078,1.030806,1.063374,0,0
40084,1.007228,1.030511,0,0
40088,1.047017,1.06549,0,0
40114,1.013723,1.067223,0,0
40118,1.016239,1.025937,0,0
40119,1.011723,1.040088,0,0
40134,0.951265,0.956241,2,0
40137,1.110891,1.125097,0,0
40154,0.927584,0.964893,2,0
50006,0.941843,0.954664,3,0
50007,0.95589,0.958519,2,0
50008,0.963521,1.005954,0,0
50009,0.919497,0.964298,2,0
50013,0.968404,1.027634,0,0
50014,0.914981,0.940399,3,0
50017,0.954851,0.963191,2,0
50022,1.065151,1.028439,0,1
50024,1.038927,1.048508,0,0
50025,1.020057,1.032567,0,0
50026,1.017272,1.028394,0,0
50028,0.953982,0.824088,10,9
50036,0.994251,1.016984,0,0
50038,1.019345,1.011347,0,0
50039,0.94822,0.979545,1,0
50040,0.831885,0.862434,8,0
50042,0.918965,0.951348,3,0
50043,1.012586,1.005597,0,0
50045,0.903985,0.936796,4,0
50047,0.942519,0.989866,0,0
50054,1.081527,1.063783,0,0
50055,0.936485,0.972547,1,0
50056,1.02408,0.990655,0,1
50057,0.969905,0.96889,2,0
50058,1.104509,1.125935,0,0
50060,1.006049,1.016628,0,0
50063,1.09811,1.069598,0,1
50069,1.007556,0.992638,0,0
50070,0.843878,0.808399,10,9
50071,0.917271,0.856388,9,8
50072,0.907131,0.986095,1,0
50073,0.839749,0.950108,3,0
50075,0.951573,0.944754,3,0
50076,0.786066,0.831391,10,0
50078,0.989215,1.019758,0,0
50082,0.97566,0.990471,0,0
50084,0.973148,0.954687,3,1
50090,0.924432,0.945154,3,0
50091,1.080875,1.086272,0,0
50093,0.949431,0.958479,2,0
50099,1.054015,1.066037,0,0
50100,0.984151,0.963421,2,1
50101,1.009364,0.988542,0,1
50102,1.21395,1.141153,0,1
50103,1.068018,1.034743,0,1
50104,1.071637,1.053525,0,0
50107,0.919149,0.922509,5,0
50108,0.9736,0.976793,1,0
50110,1.004285,1.005416,0,0
50112,1.055164,1.055821,0,0
50115,1.01749,1.046616,0,0
50118,0.957993,0.933643,4,2
50121,0.955747,0.993242,0,0
50122,1.018542,0.969881,2,2
50124,1.084086,1.035391,0,2
50125,0.968977,0.956842,2,0
50126,1.112751,1.109858,0,0
50127,0.902267,0.965742,2,0
50128,0.997091,0.988836,0,0
50131,0.895418,0.911843,5,0
50132,1.265463,1.143988,0,2
50133,0.973503,1.034732,0,0
50135,1.304259,1.219526,0,1
50136,0.959174,0.968157,2,0
50137,0.997212,1.082286,0,0
50138,0.971853,1.012525,0,0
50139,0.79742,0.939534,4,0
50145,0.917778,0.950459,3,0
50150,0.923975,0.916788,5,0
50152,1.009419,1.074635,0,0
50158,1.107182,1.125093,0,0
50159,0.97277,0.98957,0,0
50167,1.021867,1.014427,0,0
50168,1.040707,1.027614,0,0
50169,0.949648,0.971267,2,0
50174,0.98308,1.015463,0,0
50179,1.030335,0.925072,4,5
50180,0.962518,0.965517,2,0
50194,0.991904,0.932151,4,4
50195,0.999152,1.010578,0,0
50197,0.956479,0.949834,3,0
50204,1.045378,1.031691,0,0
50211,1.049643,0.993179,0,2
50222,0.950725,0.975972,1,0
50224,1.025781,1.007337,0,1
50226,1.147752,1.062378,0,2
50228,0.973523,0.957481,2,1
50230,1.09074,1.068545,0,0
50231,0.988883,0.973071,1,1
50232,0.95425,0.97885,1,0
50234,0.866845,0.959484,2,0
50235,1.013239,1.047608,0,0
50236,1.039258,1.043449,0,0
50238,1.136461,1.135876,0,0
50239,1.054543,1.096979,0,0
50242,0.99184,0.99612,0,0
50243,0.994715,1.039062,0,0
50245,1.052133,1.037444,0,0
50248,1.067129,1.030895,0,1
50254,0.938168,0.928333,4,1
50261,0.992845,0.983302,1,0
50262,1.043095,1.032109,0,0
50272,0.934615,0.962983,2,0
50276,0.892263,0.840112,10,9
50278,1.035293,0.999206,0,1
50279,0.918371,0.927073,4,0
50280,0.992185,0.971403,2,1
50281,1.26527,1.184819,0,1
50283,0.997261,0.994697,0,0
50289,0.962618,0.930867,4,2
50290,0.997141,1.014718,0,0
50291,0.945273,0.944259,3,0
50292,1.004476,1.078091,0,0
50295,1.005811,0.991728,0,0
50298,0.99356,1.055119,0,0
50300,1.030162,0.982259,1,2
50301,0.934432,0.941892,3,0
50305,1.031734,0.999294,0,1
50308,1.00045,0.998311,0,0
50309,0.950951,0.92578,4,2
50313,1.011192,0.961808,2,2
50315,1.06104,0.987782,1,3
50320,1.092072,1.032524,0,2
50324,0.979728,0.966671,2,0
50327,1.008997,1.012729,0,0
50329,1.062755,1.003709,0,2
50334,0.989302,0.982433,1,0
50335,0.87937,0.901205,6,0
50336,0.94816,0.95371,3,0
50348,1.005405,1.019305,0,0
50350,1.063755,1.101704,0,0
50351,0.966705,0.969366,2,0
50352,0.902228,0.947244,3,0
50353,0.938308,0.967157,2,0
50357,0.972107,0.937832,4,2
50360,1.012142,0.98141,1,1
50367,0.985517,0.94603,3,2
50380,1.046323,1.036087,0,0
50382,1.153205,1.184424,0,0
50390,1.045385,1.063566,0,0
50393,1.009563,1.009137,0,0
50396,1.026036,1.006414,0,1
50407,0.89784,0.842293,10,9
50411,0.885081,0.972304,1,0
50414,0.90721,0.916087,5,0
50417,0.866483,0.937147,4,0
50424,0.945531,0.941849,3,0
50425,0.88062,1.005052,0,0
50426,1.048189,1.104217,0,0
50438,1.008736,1.010045,0,0
50441,0.994447,1.001539,0,0
50444,0.964381,0.932246,4,2
50454,0.989862,0.987872,1,0
50455,1.022483,1.056598,0,0
50457,0.928703,0.992435,0,0
50464,0.990419,0.974073,1,1
50468,1.237428,1.10916,0,3
50471,1.061547,1.090179,0,0
50481,1.033327,1.03694,0,0
50485,1.040203,1.057259,0,0
50488,1.074969,1.056027,0,0
50492,1.052952,1.037783,0,0
50496,0.960742,0.973578,1,0
50498,0.905266,0.892422,7,2
50503,0.968609,0.932659,4,2
50506,0.982734,0.978017,1,0
50510,0.866447,1.118979,0,0
50512,0.880455,1.017812,0,0
50515,0.818542,0.917877,5,0
50516,0.953112,0.980845,1,0
50517,1.108042,0.985301,1,4
50523,0.965834,0.990677,0,0
50526,1.111269,1.099483,0,0
50528,0.898973,0.865385,8,6
50534,0.946899,0.922936,5,2
50537,0.930873,0.865486,8,7
50541,0.955936,0.925411,4,2
50549,1.007465,1.018739,0,0
50551,1.08958,1.023432,0,2
50557,0.963989,0.959362,2,0
50561,0.843215,0.941934,3,0
50567,0.965328,0.984908,1,0
50570,1.098895,1.040434,0,2
50573,0.946187,0.987773,1,0
50580,1.16818,1.083473,0,2
50581,1.130107,1.096863,0,1
50586,0.943478,0.976558,1,0
50588,1.184497,1.119248,0,1
50589,1.078145,0.971444,2,4
50590,0.930155,0.9194,5,1
50597,1.181027,1.17931,0,0
50599,0.96731,0.997259,0,0
50603,1.012532,1.033607,0,0
50604,0.900243,0.907837,6,0
50608,0.94634,0.917895,5,2
50609,0.937492,0.849301,9,9
50624,0.991918,1.020752,0,0
50625,1.051396,1.078342,0,0
50633,0.971575,0.930289,4,3
50636,1.005127,1.004104,0,0
50641,1.183239,1.080421,0,3
50663,1.29851,1.269165,0,0
50674,0.95556,0.908591,5,4
50677,0.796296,1.080862,0,0
50678,0.999204,0.99546,0,0
50684,0.947453,1.018935,0,0
50686,0.944705,0.937549,4,0
50689,0.979345,0.928308,4,3
50690,0.807072,0.791004,10,9
50696,1.002186,1.002318,0,0
50701,0.941381,0.989656,0,0
50709,0.949964,0.903,6,4
50710,0.792642,0.958277,2,0
50717,0.837688,1.067312,0,0
50723,0.883249,0.975567,1,0
50724,0.985695,0.981911,1,0
50735,1.246686,1.250499,0,0
50736,1.038028,0.95498,3,4
50737,1.137439,1.128342,0,0
50738,1.403614,1.215915,0,3
50739,1.069941,1.033164,0,1
50740,1.086568,1.129808,0,0
50745,1.201146,1.097674,0,2
50746,1.113601,1.06639,0,1
50747,1.383775,1.309965,0,1
50748,0.895264,1.003244,0,0
50755,1.099104,1.096911,0,0
50757,1.071208,1.085479,0,0
50758,1.081086,1.070693,0,0
50760,0.905137,0.906978,6,0
50761,1.024913,1.057894,0,0
50763,1.413338,1.369595,0,0
50764,0.912103,0.954783,3,0
50767,1.01801,0.850016,9,9
50770,0.982464,0.985163,1,0
50771,1.220368,1.163064,0,1
50772,0.933222,0.865886,8,7
50775,0.954709,0.954297,3,0
50776,1.17246,1.179682,0,0
50777,0.885917,0.939524,4,0
50779,0.979908,0.933205,4,3
50782,1.107791,1.127984,0,0
60001,0.990237,1.009746,0,0
60003,1.040835,0.968641,2,3
60004,0.943711,0.970883,2,0
60006,0.901624,0.94696,3,0
60008,0.954329,0.965973,2,0
60009,0.998182,0.951763,3,3
60010,0.939686,0.954371,3,0
60011,0.905456,0.940778,3,0
60013,0.937681,0.958712,2,0
60014,1.079731,1.072281,0,0
60015,1.008958,1.007471,0,0
60020,1.020302,0.97249,1,2
60022,1.01024,1.023681,0,0
60023,1.022929,1.024321,0,0
60024,0.976118,0.991274,0,0
60027,0.980186,0.964859,2,1
60028,0.955566,0.993362,0,0
60030,1.013488,1.010396,0,0
60031,0.986062,0.995505,0,0
60032,0.977815,1.016674,0,0
60034,1.031889,1.022151,0,0
60044,0.973096,1.01198,0,0
60054,0.960342,1.016926,0,0
60064,0.969412,0.977916,1,0
60065,0.954103,0.972538,1,0
60071,0.920158,0.941175,3,0
60075,1.011737,1.056799,0,0
60076,0.98192,1.00098,0,0
60096,0.920099,1.049521,0,0
60100,0.998829,0.955013,3,2
60103,0.985521,0.926055,4,4
60104,0.940957,0.957246,2,0
60112,0.981466,0.953703,3,2
60113,0.970065,0.993654,0,0
60114,0.978177,0.96335,2,1
60116,0.945056,0.95191,3,0
60119,1.009438,1.050341,0,0
60125,0.926938,0.92826,4,0
60128,1.045088,1.008884,0,1
60131,0.915695,1.051961,0,0
60132,0.998048,1.029562,0,0
70002,1.001713,1.043839,0,0
70003,1.034764,0.969707,2,3
70004,0.908421,0.933074,4,0
70005,0.930236,0.944485,3,0
70006,1.038486,1.070764,0,0
70007,0.983433,0.988459,0,0
70008,0.930775,0.984695,1,0
70010,0.996619,0.99192,0,0
70011,1.01088,1.011533,0,0
70016,1.050565,1.040913,0,0
70017,0.997669,1.006927,0,0
70018,0.971823,0.965045,2,0
70020,0.962207,0.992313,0,0
70021,0.930017,0.977824,1,0
70022,1.007597,1.011611,0,0
70024,1.010038,0.988388,0,1
70025,1.004774,1.042434,0,0
70027,0.943313,0.954513,3,0
70028,1.046655,1.059976,0,0
70029,0.980605,1.034434,0,0
70031,0.989334,1.003897,0,0
70033,1.013534,0.997946,0,0
70034,0.98927,1.027637,0,0
70035,1.020403,1.058465,0,0
70036,1.025192,0.99419,0,1
80001,1.0311,1.041585,0,0
80003,0.987206,0.984229,1,0
80004,1.023026,1.042586,0,0
80006,1.015961,0.990617,0,1
80007,1.00645,1.044361,0,0
80009,1.01897,1.064593,0,0
90001,1.011579,0.997312,0,0
90004,1.018282,1.017563,0,0
90005,0.934183,0.954293,3,0
90008,1.029675,1.029263,0,0
90011,1.006475,1.018532,0,0
100001,0.965728,0.980906,1,0
100002,1.098627,1.083546,0,0
100006,0.989433,1.000825,0,0
100007,1.00212,0.999684,0,0
100008,1.017657,1.039562,0,0
100012,1.002742,0.994528,0,0
100014,0.994906,0.958795,2,2
100017,1.021519,0.974067,1,2
100018,1.030416,1.012297,0,0
100019,1.06192,1.072364,0,0
100022,1.050086,1.116001,0,0
100023,0.952815,0.923523,5,2
100025,1.010429,0.989554,0,1
100026,1.073805,1.067292,0,0
100028,1.018369,0.960847,2,3
100029,1.095521,1.091664,0,0
100030,0.962746,0.944749,3,1
100032,1.110601,1.101607,0,0
100035,1.044822,1.007792,0,1
100038,1.03907,1.063915,0,0
100039,1.088109,1.083344,0,0
100040,0.998352,0.974772,1,1
100043,1.015374,1.00138,0,0
100044,1.05832,1.044258,0,0
100045,1.009492,0.967897,2,2
100046,0.967335,0.944304,3,1
100047,0.96069,1.001095,0,0
100049,0.997569,0.99254,0,0
100050,1.225638,1.227694,0,0
100051,0.951541,0.915115,5,3
100052,1.034395,1.000649,0,1
100053,1.15532,1.154915,0,0
100054,0.9186,0.963249,2,0
100055,1.005377,1.002686,0,0
100057,0.941883,0.91406,5,2
100062,1.063739,1.006956,0,2
100063,1.060932,1.023903,0,1
100067,1.054076,1.02607,0,1
100068,1.010664,0.964167,2,2
100069,0.994384,0.994434,0,0
100070,1.064545,1.096437,0,0
100071,1.03923,1.047902,0,0
100072,0.996338,0.94317,3,3
100073,1.018637,1.038288,0,0
100075,1.024685,0.996445,0,1
100077,1.017253,1.020557,0,0
100080,1.010792,0.971601,2,2
100084,0.99797,0.984308,1,0
100086,1.112761,1.110174,0,0
100087,1.048969,1.029069,0,0
100088,1.01753,0.976937,1,2
100090,0.993,0.998767,0,0
100092,1.041309,0.967061,2,3
100093,0.944624,0.973106,1,0
100105,1.0514,1.058825,0,0
100107,0.962853,0.966135,2,0
100109,0.995524,1.028695,0,0
100110,1.050207,1.0505,0,0
100113,1.014764,1.004417,0,0
100117,0.964463,0.94445,3,1
100118,0.948128,0.914701,5,3
100121,0.971735,0.969837,2,0
100122,1.023095,1.041651,0,0
100124,0.986703,0.966432,2,1
100125,1.030183,1.030184,0,0
100126,1.080316,1.022924,0,2
100127,1.012766,1.013695,0,0
100128,0.981532,0.982799,1,0
100130,1.042663,1.054115,0,0
100131,1.035014,1.013801,0,1
100132,1.036525,1.017422,0,0
100135,1.043431,1.068001,0,0
100140,0.918365,0.866925,8,6
100142,1.107663,1.000166,0,4
100150,0.993488,0.954612,3,2
100151,0.957632,0.950074,3,0
100154,1.011646,1.054715,0,0
100156,0.972073,0.937014,4,2
100157,1.003515,0.971818,2,1
100161,0.968472,1.060718,0,0
100166,1.044639,1.004003,0,2
100167,1.028767,1.025709,0,0
100168,1.030168,1.033109,0,0
100173,1.060368,1.049053,0,0
100176,1.018634,1.005778,0,0
100177,1.006541,1.003413,0,0
100179,1.018132,1.026825,0,0
100180,0.999235,1.032588,0,0
100183,1.149639,1.167208,0,0
100187,1.121957,1.08603,0,1
100189,1.038293,1.062597,0,0
100191,1.016602,0.975899,1,2
100200,1.045532,1.027408,0,0
100204,1.006638,0.960452,2,2
100206,0.987076,0.995387,0,0
100209,1.048872,1.049209,0,0
100211,1.063295,1.024294,0,1
100212,1.008929,0.965818,2,2
100213,1.024381,1.023485,0,0
100217,0.986377,1.018069,0,0
100220,1.011706,0.977738,1,2
100223,1.001487,1.037053,0,0
100224,1.082385,1.069032,0,0
100226,0.984088,1.029895,0,0
100228,1.063997,1.067682,0,0
100230,0.990271,0.954752,3,2
100231,0.981711,1.025377,0,0
100232,0.962309,1.00062,0,0
100236,1.014779,1.009049,0,0
100238,1.031664,1.011643,0,1
100242,1.045541,1.029113,0,0
100243,0.97691,0.943384,3,2
100244,1.027722,0.955158,3,3
100246,1.088677,1.080529,0,0
100248,1.068246,1.066201,0,0
100249,0.995204,0.943498,3,3
100252,0.90461,0.939213,4,0
100254,1.003454,1.013345,0,0
100256,1.005399,0.999869,0,0
100258,1.06596,1.019519,0,2
100259,0.977127,0.941194,3,2
100260,0.996228,0.997078,0,0
100264,1.006245,1.004887,0,0
100265,1.038607,1.007539,0,1
100266,0.907916,0.931982,4,0
100267,0.993127,0.97118,2,1
100268,1.062178,1.014212,0,2
100269,1.001745,0.962984,2,2
100275,1.021701,0.970688,2,2
100276,1.052138,1.057192,0,0
100281,1.016229,1.029908,0,0
100285,1.020883,0.932014,4,5
100286,0.963665,0.965372,2,0
100287,1.043919,1.000641,0,2
100288,1.086625,1.044737,0,1
100289,0.945453,0.948858,3,0
100290,1.044472,1.005474,0,1
100291,1.042365,1.071834,0,0
100292,0.95774,0.990135,0,0
100296,1.060832,1.009874,0,2
100299,1.027025,1.023226,0,0
100302,1.029157,0.999634,0,1
100307,0.97621,0.966131,2,0
100314,0.980399,1.008606,0,0
100315,0.991011,1.055504,0,0
100316,0.995432,0.99317,0,0
100319,0.965823,0.964094,2,0
100320,0.931975,0.913537,5,2
100321,0.946076,0.955631,3,0
100329,1.003879,0.956976,2,2
110001,0.938503,0.976921,1,0
110002,1.052042,0.981903,1,3
110003,0.974355,0.986166,1,0
110005,0.959711,0.988854,0,0
110006,0.955661,0.969873,2,0
110007,0.954382,0.937534,4,1
110008,0.97768,0.953096,3,1
110010,0.963275,0.955549,3,0
110011,1.019927,1.004241,0,0
110015,0.961417,0.94579,3,1
110016,1.014051,0.977953,1,2
110018,1.039887,0.970888,2,3
110023,0.911216,0.951545,3,0
110024,1.051846,1.07647,0,0
110025,0.910341,0.939587,4,0
110027,0.972221,0.969712,2,0
110028,1.003139,1.005512,0,0
110029,0.94834,0.953867,3,0
110030,0.935172,0.952684,3,0
110031,1.076587,1.035131,0,1
110032,0.921806,0.851171,9,9
110034,1.0578,1.081327,0,0
110035,0.966194,0.968214,2,0
110036,1.035222,1.032119,0,0
110038,0.97094,1.003057,0,0
110041,0.909973,0.849947,9,9
110042,0.915345,0.888748,7,3
110043,1.035338,1.052159,0,0
110044,0.97126,0.853465,9,9
110045,0.86499,0.905034,6,0
110046,0.961059,0.959026,2,0
110051,0.975005,1.03875,0,0
110054,1.019578,1.020916,0,0
110064,1.080796,1.156427,0,0
110069,1.011239,0.954424,3,3
110073,0.973425,0.87639,8,7
110074,0.965648,0.940251,3,2
110075,1.064575,0.988384,0,3
110076,1.004688,0.996885,0,0
110078,0.9769,0.977242,1,0
110079,0.936089,0.951531,3,0
110082,0.948296,0.926323,4,2
110083,0.956878,0.933077,4,2
110087,0.985141,0.99379,0,0
110089,1.008339,0.976314,1,1
110091,0.973934,0.929618,4,3
110092,1.097188,1.010378,0,3
110095,0.970115,0.949708,3,1
110104,0.897149,0.853494,9,8
110105,0.969775,0.924244,5,3
110107,1.02567,1.027938,0,0
110109,0.912125,0.854055,9,8
110115,1.021871,1.058314,0,0
110121,0.841848,0.953865,3,0
110122,0.984884,0.968777,2,1
110124,0.973682,1.026578,0,0
110125,0.940841,0.965971,2,0
110128,0.931701,0.967789,2,0
110129,1.028321,1.074725,0,0
110132,0.889488,0.983877,1,0
110142,0.942074,0.875064,8,6
110143,0.980818,0.972287,1,0
110146,0.940598,0.936137,4,0
110150,0.956256,0.944903,3,1
110153,0.942811,0.968728,2,0
110161,0.967698,0.963712,2,0
110164,0.999707,0.996397,0,0
110165,0.930125,0.940939,3,0
110168,0.927707,0.927829,4,0
110177,0.985608,0.96494,2,1
110184,0.938682,0.942979,3,0
110189,0.985968,0.938863,4,3
110191,0.977758,0.944816,3,2
110192,1.007445,0.96762,2,2
110198,1.039102,1.019834,0,0
110200,1.005557,0.981082,1,1
110201,0.967215,0.934797,4,2
110215,0.952812,0.976065,1,0
110225,0.90574,0.883689,7,3
110226,0.966771,0.882809,7,6
110229,0.973922,0.941933,3,2
110230,0.924761,0.944322,3,0
110233,1.187719,1.065833,0,3
120001,0.963533,0.95936,2,0
120002,0.869075,0.9105,5,0
120005,0.893975,0.897965,6,0
120006,0.922596,0.909225,5,1
120007,0.99218,1.007147,0,0
120011,0.849449,0.894119,6,0
120014,0.902596,0.922798,5,0
120019,0.916758,0.851767,9,9
120022,0.9741,1.002452,0,0
120026,0.918794,0.936354,4,0
120028,0.90813,0.868799,8,6
130002,0.922539,0.949161,3,0
130003,0.995981,0.982099,1,0
130006,0.932097,0.934958,4,0
130007,0.973871,1.04071,0,0
130013,0.922834,0.95523,3,0
130014,0.928701,0.882658,7,5
130018,1.000298,0.976592,1,1
130025,0.989846,0.996031,0,0
130028,0.997739,0.981613,1,1
130065,0.990163,1.025707,0,0
130071,0.916854,0.923552,5,0
130074,Not Available,0.970926,2,n/a
140001,0.899924,0.951051,3,0
140002,0.9382,0.936378,4,0
140007,1.104646,1.094605,0,0
140008,1.006496,0.991459,0,0
140011,0.968977,0.995764,0,0
140012,0.889279,0.939088,4,0
140013,0.909421,0.915109,5,0
140015,0.958359,0.977554,1,0
140018,0.995184,0.927145,4,4
140029,1.058029,1.056207,0,0
140030,1.025635,1.00606,0,1
140032,0.970581,0.960582,2,0
140034,0.948827,0.972269,1,0
140043,0.980824,0.99535,0,0
140046,1.019371,1.029593,0,0
140048,0.956322,0.983723,1,0
140049,1.02447,0.997069,0,1
140052,0.943082,0.898157,6,4
140053,1.028475,1.041967,0,0
140054,1.000718,0.966161,2,2
140059,1.142717,1.016397,0,4
140062,1.010293,0.989146,0,1
140063,0.907215,0.934562,4,0
140064,1.012043,1.02461,0,0
140065,1.04972,0.994208,0,2
140067,0.973351,0.97239,1,0
140080,1.064376,1.060164,0,0
140082,1.161858,1.160404,0,0
140084,1.042941,1.020981,0,1
140088,1.027037,1.001908,0,1
140089,0.976623,1.039025,0,0
140091,0.963747,1.006373,0,0
140093,1.020405,1.026788,0,0
140100,1.162432,1.061928,0,3
140101,1.033342,1.015181,0,0
140103,1.022383,1.000046,0,1
140110,0.963413,0.985113,1,0
140113,1.007894,0.968788,2,2
140115,1.009157,1.047823,0,0
140116,1.011661,1.034998,0,0
140117,1.154142,1.077226,0,2
140119,0.960043,0.937949,4,1
140120,0.919254,0.905377,6,1
140122,1.055919,1.012398,0,2
140124,0.928892,0.900522,6,3
140125,0.975157,0.879982,7,7
140127,0.954777,0.993679,0,0
140130,0.95118,0.948644,3,0
140133,1.05915,1.016598,0,1
140135,0.993723,0.973119,1,1
140145,0.908922,0.869785,8,6
140147,0.929752,1.053402,0,0
140148,0.992605,1.023129,0,0
140150,1.03816,1.063217,0,0
140155,0.966715,0.96812,2,0
140160,1.019288,1.026652,0,0
140161,0.943262,0.952793,3,0
140162,0.923946,0.92596,4,0
140164,1.064846,1.054867,0,0
140166,0.976157,0.988741,0,0
140172,1.025396,0.984886,1,2
140174,0.988836,0.95979,2,2
140179,1.018972,0.991193,0,1
140182,1.013319,1.001301,0,0
140184,0.963603,0.947317,3,1
140185,0.969328,0.962938,2,0
140186,1.036456,1.049942,0,0
140187,0.980251,0.965623,2,1
140189,0.954913,0.947043,3,0
140200,0.99787,0.994862,0,0
140202,0.977806,0.968076,2,0
140206,1.060111,1.090032,0,0
140208,1.020905,0.989674,0,1
140209,0.948567,0.974186,1,0
140211,1.044873,1.03798,0,0
140213,0.999016,0.999594,0,0
140217,1.076969,1.145976,0,0
140223,1.024504,1.035192,0,0
140224,0.980515,0.976485,1,0
140231,0.992118,1.006207,0,0
140233,1.06228,1.026478,0,1
140234,0.989901,0.979046,1,0
140239,1.014026,1.026852,0,0
140242,1.019569,0.999357,0,1
140251,1.103819,1.110627,0,0
140252,1.053727,1.014578,0,1
140258,1.086704,1.075498,0,0
140275,0.900447,0.960941,2,0
140276,0.975652,0.994111,0,0
140280,0.934457,0.979547,1,0
140281,0.987583,0.992835,0,0
140286,0.970692,1.036035,0,0
140288,1.02424,1.033297,0,0
140289,0.973538,0.985464,1,0
140290,1.107431,1.089441,0,0
140291,0.944804,0.930805,4,1
140292,1.107276,1.068266,0,1
140294,0.978448,1.035824,0,0
140304,1.063391,1.026539,0,1
150001,0.923779,0.958846,2,0
150002,1.101409,1.100381,0,0
150004,1.08196,1.087619,0,0
150005,0.935142,0.916813,5,2
150006,1.035592,0.981376,1,2
150007,1.035077,0.980747,1,2
150008,1.120888,1.126653,0,0
150009,1.032396,1.045964,0,0
150010,1.056231,1.028733,0,1
150011,1.003704,1.009858,0,0
150012,0.987075,0.995733,0,0
150015,1.032514,0.968868,2,3
150017,1.026002,1.047522,0,0
150018,0.964559,0.986133,1,0
150021,1.014797,1.033592,0,0
150022,0.956283,0.969195,2,0
150023,1.016197,1.010486,0,0
150024,1.009779,0.956049,3,3
150026,0.99988,1.001501,0,0
150030,1.06135,1.020666,0,1
150034,1.007913,1.041696,0,0
150035,1.078624,1.074806,0,0
150037,1.013539,1.00853,0,0
150042,1.059271,1.113064,0,0
150044,1.037259,1.106598,0,0
150045,1.001435,1.031378,0,0
150046,1.03622,0.994881,0,2
150048,1.000773,0.995134,0,0
150051,0.996808,0.978676,1,1
150056,1.034744,1.050143,0,0
150057,0.974092,0.936428,4,2
150058,0.990943,0.985815,1,0
150059,1.048297,1.067757,0,0
150061,1.153987,1.07283,0,2
150065,1.05719,1.017972,0,1
150069,1.019792,1.054274,0,0
150074,1.006193,1.021785,0,0
150075,0.919718,0.843883,10,9
150076,0.963717,0.936619,4,2
150082,1.032138,1.06839,0,0
150084,1.035011,1.023125,0,0
150086,1.027881,1.023384,0,0
150088,0.956115,0.969589,2,0
150089,0.992179,1.000419,0,0
150090,1.046003,1.048135,0,0
150091,0.928748,0.928354,4,0
150097,0.944866,0.975419,1,0
150100,1.019858,1.041405,0,0
150101,0.900328,0.914904,5,0
150104,0.990523,0.957983,2,2
150109,0.981917,0.983812,1,0
150112,0.93531,0.968896,2,0
150113,0.949385,0.980934,1,0
150115,0.945337,0.941067,3,0
150125,1.090811,1.099291,0,0
150126,1.054167,1.011554,0,2
150128,1.011926,1.067726,0,0
150133,0.945077,0.997487,0,0
150146,0.958861,0.88781,7,6
150149,0.99976,0.870989,8,8
150150,0.977121,0.991154,0,0
150153,0.936321,0.93621,4,0
150157,0.973452,0.936053,4,2
150158,0.969732,0.968981,2,0
150161,0.966547,1.020071,0,0
150162,1.002541,0.979806,1,1
150165,1.056491,0.986923,1,3
150169,1.090848,1.051587,0,1
150173,1.041358,1.034455,0,0
150181,0.862922,0.921617,5,0
150183,0.924266,0.91088,5,1
160001,0.80824,0.852444,9,0
160005,0.877564,0.97367,1,0
160013,0.798279,0.806427,10,0
160016,0.918045,0.948348,3,0
160028,0.943941,0.956859,2,0
160030,0.948724,0.990735,0,0
160032,0.94032,0.852682,9,9
160033,0.95977,0.985228,1,0
160040,0.924488,0.971781,2,0
160045,0.933039,0.942401,3,0
160047,0.952312,0.979536,1,0
160057,0.92086,0.952568,3,0
160058,1.011189,1.055908,0,0
160064,0.948015,1.002847,0,0
160067,0.93769,0.89307,6,4
160069,0.898805,0.926931,4,0
160079,0.900336,0.934294,4,0
160080,0.935853,0.962318,2,0
160082,0.936961,0.96606,2,0
160083,0.982036,0.992641,0,0
160089,1.057369,1.065418,0,0
160101,0.927667,0.905106,6,2
160104,0.945378,0.923899,5,2
160110,0.930885,0.932828,4,0
160112,0.886305,0.957628,2,0
160124,0.93888,0.974179,1,0
160146,0.975092,0.973416,1,0
160147,0.895595,0.867395,8,5
160153,1.023543,1.017167,0,0
170006,1.003183,0.999149,0,0
170009,0.899243,0.973269,1,0
170012,1.058556,1.07256,0,0
170013,1.052404,1.048854,0,0
170014,0.905349,1.120124,0,0
170016,0.968029,0.990867,0,0
170017,0.96729,1.059263,0,0
170020,0.987335,0.994764,0,0
170023,1.00769,1.008323,0,0
170027,1.055806,1.062873,0,0
170040,0.999484,1.010186,0,0
170049,1.012086,0.990323,0,1
170068,0.89901,1.038378,0,0
170074,1.084084,1.024701,0,2
170086,0.994548,1.037852,0,0
170103,1.007625,1.066125,0,0
170104,0.995432,0.992411,0,0
170105,0.90756,0.904842,6,0
170120,0.957532,0.966738,2,0
170122,0.973546,1.00397,0,0
170123,0.992897,0.992992,0,0
170137,0.937605,0.946303,3,0
170142,0.956557,0.983068,1,0
170146,0.935844,0.97642,1,0
170175,0.960177,1.031146,0,0
170176,1.000089,1.040879,0,0
170182,1.00178,1.001343,0,0
170185,0.961152,1.026509,0,0
170186,0.954456,0.998089,0,0
170191,0.935832,1.020781,0,0
170200,0.922648,0.94654,3,0
180001,1.019695,1.005326,0,0
180002,0.946504,0.906823,6,3
180004,0.969267,1.068795,0,0
180005,1.001066,1.060933,0,0
180009,0.969015,0.954286,3,1
180010,1.043243,1.040886,0,0
180011,0.922765,0.96097,2,0
180012,0.992441,1.01821,0,0
180013,1.04685,1.054629,0,0
180017,1.010258,0.95957,2,3
180018,0.934145,0.990879,0,0
180019,0.942742,0.950958,3,0
180024,0.959264,0.919606,5,3
180025,0.943114,0.893993,6,4
180027,1.049106,0.972157,1,3
180029,0.998728,0.995877,0,0
180035,1.01266,1.03035,0,0
180038,0.988234,1.001283,0,0
180040,0.992428,1.000404,0,0
180043,0.937111,0.999529,0,0
180044,0.999812,0.963394,2,2
180045,1.031493,1.074628,0,0
180048,1.020782,1.028217,0,0
180049,1.016477,0.958243,2,3
180050,0.9223,0.904634,6,2
180051,1.02971,1.031867,0,0
180056,1.064304,1.055634,0,0
180064,0.90855,0.97918,1,0
180067,1.058391,1.054015,0,0
180069,0.847891,0.904796,6,0
180070,1.025008,0.939359,4,4
180078,0.966312,1.038656,0,0
180079,1.033018,0.974682,1,3
180087,1.008374,0.950086,3,3
180088,1.004063,0.99319,0,0
180092,0.944223,0.950445,3,0
180093,1.010486,0.982004,1,1
180101,1.115725,1.028307,0,3
180102,1.010715,0.996779,0,0
180103,1.045873,1.053597,0,0
180104,0.989584,1.017821,0,0
180105,0.999851,0.9338,4,4
180115,1.048179,0.980654,1,3
180116,1.107132,1.075544,0,1
180124,0.995282,0.984937,1,0
180127,1.033002,0.994714,0,2
180128,0.916822,0.900878,6,2
180130,0.983742,1.004043,0,0
180132,0.973429,0.977943,1,0
180138,0.926069,0.942369,3,0
180139,0.913675,0.9065,6,1
180141,1.094287,1.077371,0,0
180143,1.005803,0.954258,3,3
190002,1.019411,1.047969,0,0
190004,0.978284,1.052706,0,0
190005,1.030584,1.071158,0,0
190006,0.970413,1.053453,0,0
190007,1.145763,1.282619,0,0
190008,1.002979,1.054973,0,0
190011,1.038147,1.045958,0,0
190013,0.99594,0.987358,1,0
190014,1.041915,1.068645,0,0
190015,1.121488,1.14574,0,0
190017,1.103047,1.073614,0,1
190019,1.057292,1.060326,0,0
190020,1.195076,1.154444,0,1
190026,1.062653,1.053562,0,0
190027,0.998107,1.062098,0,0
190034,1.128476,1.007188,0,4
190036,0.975815,1.022879,0,0
190039,1.017428,1.082746,0,0
190041,1.022431,1.020193,0,0
190044,1.099372,1.170321,0,0
190045,1.008505,0.990444,0,1
190046,1.034006,1.067363,0,0
190050,1.108679,1.161144,0,0
190053,1.037646,1.139011,0,0
190054,1.054391,1.083455,0,0
190060,1.040961,0.996955,0,2
190064,1.018334,1.034291,0,0
190065,0.993375,1.005431,0,0
190086,1.164044,1.242476,0,0
190098,1.05462,1.116576,0,0
190102,1.05674,1.029662,0,1
190111,1.107291,1.108545,0,0
190114,1.243478,1.144379,0,2
190125,1.07055,1.0853,0,0
190128,0.87724,0.932043,4,0
190140,1.072721,1.301868,0,0
190144,1.074357,1.152581,0,0
190146,0.977676,0.983958,1,0
190160,1.055768,1.011982,0,2
190164,1.080741,1.155685,0,0
190167,1.118749,1.107578,0,0
190176,1.010571,1.028673,0,0
190183,0.89589,0.982629,1,0
190201,0.919041,1.029649,0,0
190202,1.001132,0.976872,1,1
190204,0.936393,1.072455,0,0
190274,1.015593,1.016555,0,0
190308,1.073914,0.888634,7,8
200001,0.933686,0.910599,5,2
200008,0.995263,1.01237,0,0
200009,1.011337,1.007848,0,0
200018,0.931718,0.920155,5,1
200019,0.960619,0.955814,3,0
200020,0.960002,0.910251,5,4
200021,0.917882,0.804117,10,9
200024,0.970044,0.977781,1,0
200031,0.882577,0.825481,10,9
200033,1.004312,0.975011,1,1
200034,0.984776,0.929152,4,3
200037,0.959828,0.896961,6,5
200039,0.973487,0.952232,3,1
200041,0.99731,0.987703,1,0
200050,0.942335,0.907648,6,3
200052,0.907356,0.824689,10,9
200063,0.919557,0.941381,3,0
220001,1.000448,1.00353,0,0
220002,0.958576,0.951064,3,0
220008,1.007149,0.986736,1,1
220010,1.002004,1.009005,0,0
220011,0.980406,0.996589,0,0
220012,0.988671,0.998121,0,0
220015,0.981686,0.962925,2,1
220016,0.931243,0.931132,4,0
220017,1.02379,1.070563,0,0
220019,0.953266,0.95846,2,0
220020,0.991666,0.999121,0,0
220024,0.945997,0.981676,1,0
220029,1.046649,0.982456,1,3
220030,0.95891,0.991394,0,0
220031,1.039742,1.009671,0,1
220035,0.939829,0.946458,3,0
220036,1.06978,1.09657,0,0
220046,0.986535,1.026024,0,0
220049,1.005588,0.991932,0,0
220060,0.97509,0.954893,3,1
220063,0.98255,0.988562,0,0
220065,0.943222,0.925073,4,1
220066,0.97027,1.013533,0,0
220070,1.003661,1.035957,0,0
220071,1.009895,0.991895,0,1
220073,1.024947,0.970621,2,3
220074,1.009412,1.002966,0,0
220077,1.002033,1.027601,0,0
220080,1.038092,1.021924,0,0
220083,0.931263,0.96725,2,0
220084,1.000592,0.971595,2,1
220086,1.00947,0.996309,0,0
220090,1.002396,0.992392,0,0
220095,1.043316,1.023338,0,1
220098,0.947469,0.935709,4,1
220100,0.966995,0.967367,2,0
220101,0.908247,0.941075,3,0
220105,0.979252,0.970107,2,0
220108,0.950742,0.947965,3,0
220110,1.021392,1.024079,0,0
220111,1.033255,0.990899,0,2
220116,1.029559,1.010489,0,1
220119,0.950539,0.916516,5,3
220135,0.968189,0.989265,0,0
220163,1.039417,1.034653,0,0
220171,0.990388,0.992558,0,0
220175,1.016545,1.027254,0,0
220176,1.036765,0.978272,1,3
230002,0.953736,0.964066,2,0
230003,0.85083,0.878689,7,0
230005,0.896396,0.936265,4,0
230015,0.900809,0.939792,4,0
230017,0.941283,0.896139,6,4
230019,0.960937,0.962151,2,0
230020,1.02467,1.03862,0,0
230021,0.951579,0.939591,4,1
230022,0.93949,0.908538,5,3
230024,1.041434,0.992724,0,2
230029,0.986552,0.986217,1,0
230030,1.032615,0.95493,3,4
230031,0.893471,0.900324,6,0
230035,0.904532,0.818341,10,9
230036,0.963612,0.903916,6,5
230037,0.907193,0.856997,9,8
230041,0.985488,0.985968,1,0
230046,0.971618,0.992434,0,0
230047,1.0267,1.000293,0,1
230053,0.998,0.999876,0,0
230054,1.003156,1.000288,0,0
230055,0.932309,0.898139,6,3
230058,0.915015,0.861309,8,7
230059,0.931464,0.92241,5,1
230066,0.92587,0.960717,2,0
230069,0.908372,0.899256,6,1
230070,1.025972,1.016041,0,0
230072,0.865242,0.888441,7,0
230075,0.950687,0.940793,3,0
230077,0.987697,0.98791,1,0
230080,0.950041,0.913917,5,3
230081,0.88122,0.808214,10,9
230089,0.933097,0.902049,6,3
230092,0.94141,0.95191,3,0
230095,0.963387,0.876824,7,7
230097,0.924202,0.920221,5,0
230099,0.970118,0.939299,4,2
230100,0.895306,0.869296,8,5
230104,1.013043,0.963666,2,2
230105,0.949691,0.949265,3,0
230108,0.976532,0.833615,10,9
230110,0.849097,0.860258,9,0
230117,0.930081,0.939116,4,0
230121,0.929421,0.950705,3,0
230130,1.016232,1.011349,0,0
230132,0.957653,0.955674,3,0
230133,0.911476,0.849421,9,9
230141,0.972733,0.977089,1,0
230142,0.995674,0.999474,0,0
230146,0.997803,1.001069,0,0
230151,1.020195,1.001601,0,1
230156,0.944226,0.93444,4,0
230165,0.999112,0.985609,1,0
230167,0.955097,0.968381,2,0
230176,1.005049,0.947057,3,3
230180,0.89915,0.923769,5,0
230193,0.985545,0.947925,3,2
230195,1.014231,1.041606,0,0
230197,0.975439,0.988363,0,0
230207,1.021502,1.031704,0,0
230208,0.959613,0.93503,4,2
230216,0.949974,0.944167,3,0
230217,0.863681,0.914908,5,0
230222,0.962086,0.958519,2,0
230227,0.965196,0.958406,2,0
230230,0.979463,0.983636,1,0
230236,0.92701,0.924572,4,0
230239,0.854671,0.817643,10,9
230241,0.882179,0.91365,5,0
230244,0.978897,0.980629,1,0
230254,1.007522,1.009693,0,0
230259,0.85903,0.852134,9,4
230269,0.987593,0.961822,2,1
230270,1.028016,1.061346,0,0
230273,1.062101,1.054554,0,0
230277,1.002858,1.002357,0,0
230297,0.973261,1.027021,0,0
230302,0.945369,0.935132,4,1
230303,0.813638,0.895144,6,0
240001,0.950558,0.953811,3,0
240002,0.993264,1.00482,0,0
240004,0.969424,0.972262,1,0
240006,0.873714,0.788206,10,9
240010,0.961094,0.977927,1,0
240014,0.839514,0.85835,9,0
240018,0.900103,0.966791,2,0
240019,0.961946,1.102652,0,0
240020,0.852444,0.863087,8,0
240022,0.858282,0.946951,3,0
240030,0.92581,0.917026,5,1
240036,0.945182,0.958239,2,0
240038,0.955528,0.957499,2,0
240040,0.976489,1.015053,0,0
240043,0.872674,0.866382,8,2
240044,0.897598,0.832192,10,9
240047,0.984594,0.955885,3,2
240050,0.91975,0.873949,8,6
240052,0.904308,0.892033,7,2
240053,0.926547,0.928018,4,0
240056,0.93526,0.94975,3,0
240057,0.953959,0.952466,3,0
240059,0.810497,0.88051,7,0
240064,0.883394,0.939601,4,0
240066,0.900134,0.927226,4,0
240069,0.885506,0.846257,9,9
240075,0.834639,0.877215,7,0
240076,0.832461,0.848147,9,0
240078,0.953102,0.966584,2,0
240084,0.84009,0.866184,8,0
240093,0.951814,0.945593,3,0
240100,0.913599,0.902526,6,1
240101,0.83769,0.845105,9,0
240104,0.925009,0.878679,7,5
240106,0.972579,0.972931,1,0
240115,0.908697,0.911662,5,0
240141,0.910973,0.899013,6,1
240166,0.82569,0.91126,5,0
240187,0.880455,0.934351,4,0
240207,0.908041,0.902898,6,0
240210,0.933948,0.941551,3,0
240213,0.88513,0.892479,7,0
240214,0.835769,0.857895,9,0
250001,1.013965,1.02961,0,0
250004,1.008351,1.009538,0,0
250006,0.970995,0.970648,2,0
250007,1.013976,1.065742,0,0
250009,0.981175,0.975294,1,0
250019,1.121298,1.130519,0,0
250025,1.016167,1.025301,0,0
250031,1.112897,1.110693,0,0
250034,0.956913,0.980375,1,0
250036,0.955805,0.968028,2,0
250038,0.904833,0.913954,5,0
250040,1.009104,0.988613,0,1
250043,0.974524,0.93878,4,2
250048,0.994899,1.030025,0,0
250050,0.993125,0.972734,1,1
250057,1.013285,1.040014,0,0
250058,0.946476,0.933189,4,1
250069,1.231,1.193189,0,0
250072,1.047044,1.091593,0,0
250077,0.942915,0.930159,4,1
250078,1.000984,1.02007,0,0
250082,1.004634,1.074056,0,0
250084,1.200981,1.167049,0,0
250093,0.981414,0.987745,1,0
250094,1.000036,0.989348,0,0
250096,1.025305,1.055265,0,0
250097,1.016277,1.004192,0,0
250099,1.036832,1.058998,0,0
250100,0.971206,0.962524,2,0
250102,1.059735,1.041907,0,0
250104,1.05771,1.064994,0,0
250117,0.932037,0.93764,4,0
250123,0.983683,1.08242,0,0
250138,0.994156,1.01667,0,0
250141,0.966858,1.013093,0,0
250162,0.984591,0.912167,5,5
250167,0.926668,0.870851,8,6
250168,1.115784,1.089624,0,0
260001,1.018426,1.005752,0,0
260005,1.054698,1.017539,0,1
260006,0.960404,0.958269,2,0
260009,0.885775,0.864841,8,5
260011,0.949554,0.933217,4,1
260017,1.022518,1.040523,0,0
260020,1.004161,1.030299,0,0
260022,0.9397,1.068284,0,0
260023,0.983785,0.995432,0,0
260025,0.997511,1.008028,0,0
260027,1.028542,1.06991,0,0
260040,0.961362,0.973904,1,0
260048,0.947025,0.961715,2,0
260050,0.987085,1.024133,0,0
260052,0.929703,0.932961,4,0
260057,1.087784,1.048966,0,1
260059,0.914094,0.924876,4,0
260061,0.968287,0.954626,3,1
260062,0.98746,1.019029,0,0
260064,0.895859,0.953483,3,0
260065,0.97545,0.982513,1,0
260068,0.967877,0.992255,0,0
260074,0.924221,0.90738,6,2
260077,0.958425,0.978291,1,0
260078,0.915444,0.877231,7,5
260081,0.950905,0.986799,1,0
260085,1.010635,1.035226,0,0
260091,0.995251,1.056085,0,0
260094,0.93415,0.929944,4,0
260095,1.017418,1.014051,0,0
260096,1.011869,1.021932,0,0
260097,0.921552,0.953304,3,0
260102,0.843372,0.837156,10,9
260105,1.06461,1.040076,0,1
260108,0.981534,0.966638,2,1
260110,1.009255,1.014397,0,0
260113,0.933327,0.968261,2,0
260119,0.994538,0.961654,2,2
260137,1.016597,0.993109,0,1
260138,1.014026,1.021619,0,0
260141,1.034824,1.056081,0,0
260142,0.898229,0.884316,7,2
260162,0.857016,0.974637,1,0
260163,0.930622,0.960666,2,0
260175,0.902227,0.932202,4,0
260176,0.930043,0.994384,0,0
260177,1.029038,1.015671,0,0
260179,0.949428,1.005246,0,0
260180,0.994109,0.999107,0,0
260183,0.970458,1.009551,0,0
260186,0.910072,0.938179,4,0
260190,0.948096,0.946938,3,0
260191,0.983928,1.014443,0,0
260193,0.919989,0.940555,3,0
260195,0.892476,0.931482,4,0
260200,1.024588,1.01547,0,0
260214,0.890682,0.936468,4,0
260216,0.961799,0.986132,1,0
260219,0.967127,0.986307,1,0
270003,0.854043,0.875266,8,0
270004,0.968994,1.030546,0,0
270012,1.003576,0.967018,2,2
270014,0.897015,0.917001,5,0
270017,0.936451,0.919271,5,1
270023,0.935798,0.981613,1,0
270032,0.741144,0.781298,10,0
270049,0.953488,1.000758,0,0
270051,0.981659,0.927075,4,3
270057,0.923329,0.862994,8,7
270086,0.85364,0.934012,4,0
280003,1.00696,1.024611,0,0
280009,1.028001,1.093484,0,0
280013,1.010052,1.015649,0,0
280020,0.98602,1.026655,0,0
280023,0.984749,1.052201,0,0
280032,0.990902,0.961299,2,2
280040,1.019565,1.014441,0,0
280065,0.995755,0.974928,1,1
280077,0.99815,0.935621,4,4
280081,1.037389,1.056839,0,0
280105,0.845892,0.913409,5,0
280111,1.004096,1.090761,0,0
280125,1.000764,1.020539,0,0
280128,0.963349,1.00077,0,0
280130,0.9821,0.944776,3,2
280132,0.923614,0.942513,3,0
280134,1.044668,1.04116,0,0
290001,0.985494,1.02066,0,0
290003,1.136999,1.154002,0,0
290005,1.114637,1.147651,0,0
290007,1.108337,1.108876,0,0
290008,0.966512,0.976525,1,0
290009,0.897856,0.916095,5,0
290021,1.106416,1.090249,0,0
290022,1.073341,1.082253,0,0
290032,0.945602,0.894965,6,5
290039,1.059491,1.07759,0,0
290041,1.097896,1.052273,0,1
290046,1.114979,1.071125,0,1
290047,1.044779,1.074868,0,0
290049,0.879408,0.930968,4,0
290053,1.047157,1.096504,0,0
290054,1.056677,1.037894,0,0
290057,1.107971,1.014381,0,3
300001,1.007044,1.031809,0,0
300003,1.018179,1.031737,0,0
300005,1.003465,0.95044,3,3
300011,1.036373,1.014629,0,1
300012,0.996588,1.030047,0,0
300014,0.978402,0.97302,1,0
300017,0.949147,1.014113,0,0
300018,0.975008,0.944385,3,2
300019,0.944999,0.959115,2,0
300020,0.983115,0.966112,2,1
300023,0.971581,0.941827,3,2
300029,1.008148,1.026941,0,0
300034,1.01903,0.991297,0,1
310001,1.071745,1.053148,0,0
310002,1.06738,1.072296,0,0
310003,1.006265,1.051189,0,0
310005,1.00509,0.942618,3,3
310006,1.034513,1.034104,0,0
310008,1.070792,1.063114,0,0
310009,1.117214,1.134834,0,0
310010,0.97571,0.974192,1,0
310011,1.008846,0.987841,1,1
310012,0.988364,1.028507,0,0
310014,1.086546,1.056984,0,1
310015,1.026111,1.034527,0,0
310016,1.086785,1.097176,0,0
310017,1.087193,1.067171,0,0
310019,1.048671,1.078912,0,0
310021,1.048307,1.003734,0,2
310022,1.077707,1.043431,0,1
310025,1.094241,1.138755,0,0
310027,1.165214,1.181338,0,0
310028,1.034688,1.059427,0,0
310029,1.031124,1.06297,0,0
310031,1.016296,1.062561,0,0
310032,1.043089,1.059174,0,0
310034,1.038246,1.069315,0,0
310038,1.06569,1.073687,0,0
310039,1.079566,1.120327,0,0
310040,1.112297,1.202298,0,0
310041,1.113238,1.09548,0,0
310044,1.079114,1.104571,0,0
310045,1.048856,1.043408,0,0
310047,1.014604,0.991823,0,1
310048,1.04928,1.053149,0,0
310050,1.00895,1.049851,0,0
310051,1.016854,1.020587,0,0
310052,1.077502,1.136493,0,0
310054,1.059234,1.086131,0,0
310057,1.05079,1.056834,0,0
310060,0.924082,0.941258,3,0
310061,1.076546,1.104093,0,0
310064,1.016177,0.989448,0,1
310069,1.041679,1.011907,0,1
310070,1.00363,1.017169,0,0
310073,1.051178,1.035775,0,0
310074,1.054768,1.049873,0,0
310075,1.095765,1.084257,0,0
310076,1.049748,1.041173,0,0
310083,1.102302,1.114211,0,0
310084,1.121305,1.093048,0,1
310086,1.02509,1.008785,0,0
310092,1.154566,1.169334,0,0
310096,0.951942,0.993974,0,0
310108,1.129781,1.1341,0,0
310110,1.038439,1.061696,0,0
310111,1.076473,1.080914,0,0
310112,1.030574,1.071715,0,0
310113,1.03807,1.050922,0,0
310115,1.03708,1.087751,0,0
310118,1.141689,1.109955,0,1
310119,1.140807,1.128354,0,0
310130,1.100828,1.093009,0,0
320001,1.041627,1.042797,0,0
320002,0.924909,0.893377,6,3
320004,0.966055,0.999653,0,0
320005,0.956748,0.963689,2,0
320006,0.920624,0.917932,5,0
320009,0.998259,1.020216,0,0
320011,0.900159,0.886839,7,2
320017,0.968227,0.955031,3,1
320018,1.021031,1.040069,0,0
320021,0.966147,0.950003,3,1
320022,0.966478,0.918533,5,3
320061,0.767098,0.784341,10,0
320063,0.898776,0.976305,1,0
320074,0.983075,0.967403,2,1
320085,1.060802,1.011237,0,2
320086,1.033887,0.9235,5,5
320089,0.943176,0.876029,8,6
320090,0.825258,0.813372,10,9
330005,0.958166,0.967723,2,0
330006,1.108975,1.18217,0,0
330008,0.895919,0.978102,1,0
330009,0.949576,1.013811,0,0
330011,0.898506,0.941225,3,0
330013,1.002999,1.002073,0,0
330014,1.017688,1.020099,0,0
330019,1.092278,1.154613,0,0
330023,0.982432,0.997079,0,0
330024,0.984012,0.985914,1,0
330027,1.043004,1.111948,0,0
330030,0.86898,0.899004,6,0
330033,0.955587,0.914728,5,3
330043,1.044598,1.040323,0,0
330044,1.01943,1.082381,0,0
330045,1.009926,1.017213,0,0
330046,1.023833,1.052969,0,0
330047,0.965963,0.976858,1,0
330049,0.973492,1.023328,0,0
330055,1.058046,1.072247,0,0
330056,1.032054,1.084484,0,0
330057,0.946444,0.981126,1,0
330058,0.929251,0.86456,8,7
330059,1.016094,1.03041,0,0
330065,0.924184,0.869032,8,6
330073,0.980271,0.967016,2,0
330074,0.906709,0.892621,6,2
330078,0.967818,0.965109,2,0
330079,0.942321,0.884242,7,5
330080,0.918921,0.975635,1,0
330084,0.832141,0.830758,10,9
330085,0.947821,1.073128,0,0
330090,0.99541,0.953482,3,2
330094,1.00569,0.978581,1,1
330096,0.912429,0.963595,2,0
330101,1.007888,1.023627,0,0
330102,1.006497,0.994871,0,0
330103,0.945618,0.971695,2,0
330104,1.069186,1.066691,0,0
330106,1.012809,1.032499,0,0
330107,1.068703,1.042059,0,1
330111,1.122563,0.937636,4,6
330115,0.877907,0.956753,2,0
330119,1.015127,1.020682,0,0
330125,0.944625,0.967469,2,0
330126,1.026272,1.041838,0,0
330127,1.029586,1.058207,0,0
330128,1.059206,1.058139,0,0
330135,0.975504,0.977366,1,0
330136,1.015605,1.052036,0,0
330140,0.957261,0.96063,2,0
330141,1.124435,1.140207,0,0
330151,0.870576,0.867329,8,1
330153,0.972188,0.990451,0,0
330157,0.928593,0.953396,3,0
330158,1.140579,1.11419,0,0
330160,1.037606,1.032118,0,0
330162,0.928672,0.961874,2,0
330164,0.901699,0.898435,6,0
330169,1.033763,1.05011,0,0
330175,0.89083,0.914303,5,0
330180,0.922434,0.985671,1,0
330181,1.056921,1.052981,0,0
330182,1.013818,1.011402,0,0
330184,1.066511,1.122581,0,0
330185,1.048294,1.026054,0,1
330188,0.981184,0.982659,1,0
330191,0.968129,1.004222,0,0
330193,1.14093,1.183751,0,0
330194,1.045886,1.024522,0,1
330195,1.043059,1.079393,0,0
330196,1.069426,1.087017,0,0
330197,0.858894,0.911026,5,0
330198,1.045637,1.057286,0,0
330199,1.061556,1.052184,0,0
330202,0.909584,1.036249,0,0
330203,0.964849,0.996745,0,0
330204,0.96105,0.970677,2,0
330205,1.009587,1.025449,0,0
330208,1.033876,1.084406,0,0
330211,0.950622,0.962034,2,0
330214,1.028393,1.053706,0,0
330215,0.970409,0.979681,1,0
330218,0.986827,0.985617,1,0
330221,0.960408,1.037839,0,0
330222,0.892154,0.863344,8,6
330223,0.821728,0.935319,4,0
330224,0.979322,1.124426,0,0
330226,0.913705,0.918434,5,0
330229,0.948434,0.977586,1,0
330231,0.912962,0.926372,4,0
330233,0.982227,1.04615,0,0
330234,1.10762,1.107623,0,0
330235,0.90622,0.898821,6,1
330236,1.021298,1.063118,0,0
330238,0.875347,0.904361,6,0
330239,0.973137,0.979131,1,0
330240,1.077682,1.187162,0,0
330241,1.027224,1.036384,0,0
330245,1.012676,1.057409,0,0
330246,1.049532,1.076348,0,0
330250,0.978496,0.974382,1,0
330259,1.159088,1.21574,0,0
330261,1.049339,1.07324,0,0
330264,1.01345,1.064236,0,0
330265,0.873554,0.916122,5,0
330267,1.064109,1.053406,0,0
330270,0.922086,0.914059,5,1
330273,1.007236,1.008493,0,0
330276,0.905183,0.94869,3,0
330277,0.893618,0.939565,4,0
330279,0.988118,0.999543,0,0
330285,0.937609,0.952832,3,0
330286,1.066111,1.079872,0,0
330304,1.012628,1.026062,0,0
330307,0.947063,1.002482,0,0
330331,1.064582,1.095165,0,0
330332,1.134415,1.096146,0,1
330350,1.06886,1.002553,0,2
330386,0.947463,0.962525,2,0
330393,1.017651,1.038118,0,0
330394,0.949175,0.976797,1,0
330395,1.155715,1.145383,0,0
330399,1.047751,1.037567,0,0
330401,1.031782,1.058955,0,0
340001,0.980313,0.968117,2,0
340002,1.001034,0.999726,0,0
340003,0.909253,0.871264,8,5
340004,0.986961,0.951055,3,2
340008,0.927172,0.888132,7,4
340010,0.940944,0.937753,4,0
340014,0.982642,0.977855,1,0
340015,0.972916,1.004432,0,0
340016,0.989077,1.059919,0,0
340017,0.954242,0.960134,2,0
340020,0.955129,0.949307,3,0
340021,0.953432,0.95472,3,0
340023,0.923472,0.947436,3,0
340024,0.897939,0.893521,6,0
340027,0.928991,0.948221,3,0
340028,0.975367,0.959382,2,1
340030,0.965419,0.965332,2,0
340032,0.953236,0.945038,3,0
340039,0.925902,0.937159,4,0
340040,0.972161,0.999342,0,0
340041,0.987272,0.94772,3,2
340042,0.948917,0.901899,6,4
340047,0.97422,1.002999,0,0
340050,0.897536,0.912257,5,0
340051,0.950462,0.960793,2,0
340053,0.989537,0.97875,1,0
340060,0.910326,0.909787,5,0
340061,0.985277,0.992073,0,0
340064,0.987098,0.987661,1,0
340068,0.958664,0.972049,1,0
340069,1.012914,1.025487,0,0
340070,0.904037,0.911732,5,0
340071,0.921173,0.895981,6,3
340073,0.960245,0.95139,3,0
340075,0.923556,0.958358,2,0
340085,0.952589,0.912739,5,3
340087,0.914994,0.926835,4,0
340090,0.973272,0.911203,5,4
340096,0.951995,0.908257,6,4
340097,1.026154,0.954436,3,3
340098,0.972716,0.981242,1,0
340099,0.954626,0.922291,5,2
340107,0.963234,0.969128,2,0
340109,0.954796,0.944358,3,0
340113,0.984847,0.984562,1,0
340114,0.926045,0.942097,3,0
340115,0.896276,0.89756,6,0
340116,0.941017,0.976991,1,0
340119,0.971086,0.97011,2,0
340120,0.967422,0.960749,2,0
340123,0.930479,0.935424,4,0
340126,0.962585,0.95494,3,0
340127,0.881799,0.922429,5,0
340129,0.933885,0.929203,4,0
340130,0.970946,0.95719,2,1
340131,0.92278,0.907199,6,1
340132,0.946575,0.92642,4,1
340141,0.967699,0.96763,2,0
340142,0.936979,0.912654,5,2
340143,0.929698,0.949699,3,0
340144,0.963824,0.93827,4,2
340145,0.934289,0.997084,0,0
340147,0.968443,0.98749,1,0
340148,0.94376,0.959743,2,0
340151,0.923959,0.943472,3,0
340155,0.956676,0.954215,3,0
340158,0.914744,0.928828,4,0
340166,0.934784,0.993055,0,0
340171,0.959694,0.926076,4,2
340173,0.969891,0.955483,3,1
340183,0.955654,0.979552,1,0
340184,0.961174,0.935237,4,2
340187,0.858343,0.892789,6,0
340188,0.922083,0.834292,10,9
340190,0.9672,0.898502,6,5
350002,0.90581,0.947584,3,0
350006,0.942976,0.962382,2,0
350011,0.978121,1.028528,0,0
350015,0.896363,0.93303,4,0
350019,0.976746,1.046734,0,0
350070,0.932721,0.984858,1,0
360001,1.001036,0.995551,0,0
360002,0.92474,0.996298,0,0
360003,1.071067,1.096557,0,0
360006,0.983986,0.991374,0,0
360008,1.050672,0.99181,0,2
360009,1.019581,1.011373,0,0
360010,0.989288,0.986372,1,0
360011,0.97043,0.93777,4,2
360012,0.994754,0.994413,0,0
360013,1.048403,1.007008,0,2
360014,0.942223,0.924481,4,1
360016,0.989942,0.981641,1,0
360017,0.996004,0.990412,0,0
360020,1.026048,1.042819,0,0
360025,1.057708,1.077556,0,0
360027,0.998541,0.991766,0,0
360029,0.991058,0.924672,4,4
360032,0.939196,0.906922,6,3
360035,0.983745,0.990439,0,0
360036,0.967982,0.971562,2,0
360037,1.021908,1.061456,0,0
360039,0.94058,0.933685,4,0
360040,1.009712,0.983763,1,1
360041,1.039409,1.01588,0,1
360044,1.003527,1.046427,0,0
360046,0.947145,0.943723,3,0
360048,1.035015,1.068027,0,0
360051,1.03669,1.043342,0,0
360054,1.10149,1.097079,0,0
360055,1.090405,1.06738,0,0
360056,1,1.004764,0,0
360058,0.970445,1.022569,0,0
360059,1.013851,1.012217,0,0
360064,1.072643,1.031354,0,1
360065,0.932723,0.960797,2,0
360066,0.998575,1.001321,0,0
360068,1.025114,1.009774,0,0
360070,1.024387,1.029418,0,0
360071,1.059889,0.96922,2,4
360072,0.978209,0.98273,1,0
360075,0.985812,1.006471,0,0
360076,1.050048,1.009928,0,1
360077,1.014263,0.965466,2,2
360078,0.926041,0.943827,3,0
360079,1.019482,1.023086,0,0
360081,1.0283,1.012543,0,0
360082,1.021256,1.057827,0,0
360084,1.015395,1.004945,0,0
360085,1.006591,1.009717,0,0
360086,1.056904,1.001962,0,2
360087,0.931496,0.98919,0,0
360089,0.908095,0.934554,4,0
360090,1.007576,1.000573,0,0
360091,1.008876,1.004524,0,0
360092,0.893117,0.904526,6,0
360095,0.994687,0.996901,0,0
360096,0.88193,0.881463,7,0
360098,1.031076,0.991296,0,2
360107,1.017574,0.943985,3,4
360109,0.893683,0.894099,6,0
360112,1.065344,1.037977,0,1
360118,1.027122,1.008705,0,1
360121,1.11391,1.107419,0,0
360123,1.055633,1.058401,0,0
360131,1.08469,1.029977,0,2
360132,1.043564,1.047884,0,0
360133,1.038057,0.993664,0,2
360134,0.991144,1.029812,0,0
360137,1.034943,1.050061,0,0
360143,1.008493,1.001987,0,0
360144,1.046003,0.995275,0,2
360145,1.025088,1.056942,0,0
360148,0.932985,0.872837,8,6
360150,0.97994,0.974359,1,0
360152,0.918592,0.930493,4,0
360155,0.990353,1,0,0
360156,0.991159,0.987706,1,0
360159,1.025973,1.008647,0,0
360161,1.05279,0.993657,0,2
360163,0.983453,0.997529,0,0
360170,0.991905,0.993138,0,0
360172,1.136902,1.124417,0,0
360174,1.02603,1.003139,0,1
360175,1.001925,0.935842,4,4
360179,1.021712,1.031052,0,0
360180,0.970486,0.972029,1,0
360185,Not Available,1.107342,0,n/a
360189,0.796224,0.940333,3,0
360192,0.977657,1.013636,0,0
360197,0.999618,1.030907,0,0
360203,0.988728,1.009856,0,0
360210,0.886309,0.965816,2,0
360211,0.987605,1.01982,0,0
360218,0.953808,0.949106,3,0
360230,0.994022,1.00597,0,0
360234,1.029692,1.031863,0,0
360236,0.999616,0.975295,1,1
360239,1.014939,1.025392,0,0
360259,0.973548,1.030566,0,0
360262,0.975321,0.990884,0,0
360270,0.987103,0.957149,2,2
360276,1.036417,1.002591,0,1
360348,0.920689,0.887251,7,4
360354,1.01945,1.018251,0,0
360359,0.949188,0.964579,2,0
360360,1.038616,0.967795,2,3
360364,0.963144,0.949273,3,1
360365,1.018227,1.025605,0,0
370001,0.986649,1.01052,0,0
370002,0.948781,0.996827,0,0
370004,0.947846,0.953066,3,0
370006,0.984815,0.958616,2,1
370008,0.969055,0.980096,1,0
370013,1.083245,1.124903,0,0
370014,1.001052,1.029321,0,0
370016,1.022505,1.069355,0,0
370018,0.983203,0.982913,1,0
370019,0.94288,1.072123,0,0
370020,0.978914,1.024222,0,0
370022,0.976784,1.008199,0,0
370023,0.961801,1.006595,0,0
370026,1.00632,1.012376,0,0
370028,1.033493,1.082029,0,0
370029,0.944852,1.03088,0,0
370034,0.982567,1.020523,0,0
370037,0.965553,0.996674,0,0
370039,1.04369,0.975598,1,3
370041,1.039069,0.974205,1,3
370047,0.992136,1.049389,0,0
370049,1.012488,1.001191,0,0
370054,0.999294,0.960265,2,2
370056,0.990671,1.014247,0,0
370089,0.971084,0.986861,1,0
370093,1.042967,1.087255,0,0
370094,1.018592,0.980245,1,2
370097,0.988154,0.982326,1,0
370106,1.061074,1.058252,0,0
370113,1.003867,1.034195,0,0
370114,1.03806,1.03424,0,0
370149,0.961438,0.986513,1,0
370171,0.871884,0.995747,0,0
370180,0.810774,0.81374,10,0
370202,0.970529,0.988249,0,0
370210,0.948698,0.962745,2,0
370211,1.027741,1.000854,0,1
370215,0.985386,0.991178,0,0
370218,0.948937,0.948978,3,0
370227,0.867121,0.834288,10,9
370228,0.976782,0.940117,4,2
370234,0.960993,0.997859,0,0
370235,0.918541,0.980071,1,0
370236,1.02995,0.994129,0,1
370237,0.916978,0.808737,10,9
380001,0.83481,0.8736,8,0
380002,0.916612,0.901572,6,2
380004,0.925599,0.923182,5,0
380007,0.979616,0.958616,2,1
380009,0.985326,0.975054,1,0
380017,0.943165,0.927488,4,1
380018,0.949793,0.941539,3,0
380020,0.874095,0.854275,9,6
380021,0.902942,0.93159,4,0
380025,0.902291,0.858676,9,7
380027,0.828225,0.846141,9,0
380029,0.85627,0.896715,6,0
380037,0.881756,0.824626,10,9
380038,0.898779,0.861335,8,6
380047,0.913638,0.956483,2,0
380050,0.837946,0.828384,10,9
380051,0.938078,0.91093,5,2
380052,0.893453,0.909023,5,0
380060,0.889544,0.871528,8,4
380061,0.932828,0.9298,4,0
380071,0.84012,0.88872,7,0
380075,0.888021,0.879856,7,1
380082,0.940298,0.876234,8,6
380089,0.882912,0.895391,6,0
380090,0.862073,0.845997,9,9
380091,0.815991,0.832663,10,0
380102,0.902199,0.907755,6,0
380103,0.778531,0.796023,10,0
390001,0.985869,0.92122,5,4
390002,0.939741,1.005978,0,0
390003,0.949961,0.806437,10,9
390004,1.080697,1.070718,0,0
390006,0.992647,0.988156,0,0
390009,1.02034,1.03115,0,0
390012,0.957167,0.965023,2,0
390013,0.924538,0.974922,1,0
390016,1.026475,0.999574,0,1
390026,1.021392,1.003092,0,1
390028,1.031828,1.079113,0,0
390032,1.043792,1.02913,0,0
390035,0.926061,0.915806,5,1
390036,1.071687,1.101886,0,0
390037,1.048834,1.050756,0,0
390039,0.920415,0.964564,2,0
390041,1.011817,1.034049,0,0
390042,0.982529,0.999504,0,0
390044,1.015905,1.038203,0,0
390045,0.990762,1.011548,0,0
390046,1.044976,1.035683,0,0
390048,1.035406,0.920103,5,6
390049,0.960872,0.959563,2,0
390050,1.076754,1.07255,0,0
390056,0.95435,0.984222,1,0
390058,1.001677,1.008046,0,0
390062,0.987577,0.892545,6,6
390063,1.048162,1.048435,0,0
390065,0.987735,0.98851,0,0
390066,0.99929,0.958052,2,2
390067,0.974845,1.010203,0,0
390068,0.98933,0.966511,2,1
390070,0.98536,0.955892,3,2
390071,0.834403,0.944013,3,0
390072,1.047079,0.971734,2,3
390073,1.095651,1.100838,0,0
390076,1.001167,1.0077,0,0
390079,0.929112,0.968237,2,0
390081,1.06811,0.992516,0,3
390086,0.981691,1.023662,0,0
390090,1.062505,1.074434,0,0
390091,0.935012,0.955714,3,0
390093,1.065303,0.997193,0,3
390096,0.997904,1.027465,0,0
390097,0.993135,0.980477,1,0
390100,0.977734,0.991492,0,0
390101,1.05197,1.015399,0,1
390102,1.020428,1.014314,0,0
390107,0.978222,0.982848,1,0
390110,1.038608,1.019878,0,0
390111,1.032317,1.055957,0,0
390112,0.982088,1.03096,0,0
390113,0.97726,0.97906,1,0
390114,0.973461,0.986648,1,0
390115,1.000122,0.997602,0,0
390116,0.965414,0.973251,1,0
390117,0.908606,0.92566,4,0
390119,1.057549,1.061527,0,0
390123,0.992121,0.985818,1,0
390125,1.051919,1.046304,0,0
390127,1.035858,0.984471,1,2
390138,0.839069,0.861572,8,0
390139,0.971272,0.968738,2,0
390142,0.999602,1.012358,0,0
390145,0.976788,0.965103,2,0
390146,0.945413,1.018569,0,0
390147,1.058849,1.001012,0,2
390150,0.946574,1.012303,0,0
390151,0.905182,0.952576,3,0
390153,1.010896,0.984519,1,1
390156,1.020926,1.023832,0,0
390157,1.072921,1.048206,0,1
390160,1.002647,1.034141,0,0
390162,1.036629,0.89793,6,7
390163,0.960281,1.006803,0,0
390164,0.998835,1.006363,0,0
390168,0.95759,0.944184,3,1
390173,1.00055,0.960722,2,2
390174,0.999732,1.000364,0,0
390178,0.93837,0.93711,4,0
390179,0.962677,0.950144,3,1
390180,1.022468,1.040429,0,0
390183,0.903353,0.942029,3,0
390195,0.975059,0.962699,2,0
390198,1.097597,1.115928,0,0
390199,0.90897,0.917221,5,0
390201,1.004683,1.016586,0,0
390203,0.94661,0.956391,2,0
390204,0.985556,1.047508,0,0
390211,0.984776,0.9221,5,4
390217,0.966448,0.913921,5,4
390219,0.939994,0.896033,6,4
390222,0.96264,0.978626,1,0
390223,1.01508,1.015771,0,0
390225,0.941242,0.965127,2,0
390226,1.000784,1.007776,0,0
390228,0.969022,0.951042,3,1
390231,0.94941,0.924671,4,2
390233,0.961605,0.964664,2,0
390237,1.028449,1.035683,0,0
390256,1.033402,1.045767,0,0
390258,1.032059,1.060308,0,0
390265,1.035866,1.021757,0,0
390266,1.028555,0.928566,4,5
390267,1.064578,1.037556,0,1
390270,0.965087,0.944134,3,1
390304,1.011309,1.026487,0,0
390326,0.92201,0.908071,6,1
390328,0.961182,1.020803,0,0
390329,0.996875,0.972308,1,1
390330,0.948343,0.946561,3,0
390332,Not Available,0.907639,6,n/a
410004,1.003599,0.992157,0,0
410005,1.047154,0.999893,0,2
410006,1.012338,0.999071,0,0
410007,1.019794,1.03277,0,0
410008,0.941652,0.955163,3,0
410009,0.998281,0.985012,1,0
410010,1.049235,1.082496,0,0
410011,0.960023,0.905265,6,4
410012,0.972312,0.959191,2,1
410013,0.943651,0.943154,3,0
420002,1.064199,1.032165,0,1
420004,1.007045,1.037399,0,0
420005,0.877669,0.93958,4,0
420007,1.044607,1.019435,0,1
420009,1.036728,1.011569,0,1
420010,0.956819,0.947716,3,0
420015,0.99386,1.002424,0,0
420018,1.028849,1.008652,0,1
420020,0.95471,0.953661,3,0
420023,0.97701,0.946101,3,2
420026,0.971351,0.994631,0,0
420027,1.086721,1.102121,0,0
420030,0.927433,0.986945,1,0
420033,0.926538,0.948665,3,0
420036,0.955269,0.993961,0,0
420037,0.909024,0.914631,5,0
420038,1.01599,1.004298,0,0
420048,0.976345,1.063532,0,0
420049,0.936237,0.969935,2,0
420051,0.986775,1.004862,0,0
420053,0.981949,0.991212,0,0
420055,0.853511,0.99348,0,0
420065,0.999216,0.987164,1,0
420067,0.981175,0.95872,2,1
420068,1.056032,1.08493,0,0
420070,0.996866,0.984,1,0
420071,1.070428,1.050336,0,0
420073,0.960023,0.984334,1,0
420078,1.018481,1.026282,0,0
420079,0.990409,0.996703,0,0
420080,0.99292,0.969344,2,1
420082,0.992761,0.953135,3,2
420085,0.92836,0.95703,2,0
420086,0.990773,1.009854,0,0
420087,1.006315,0.999371,0,0
420089,1.016538,1.040592,0,0
420091,0.978661,0.998762,0,0
420098,0.992662,1.005977,0,0
420101,1.104862,1.019614,0,3
420103,1.021105,0.965554,2,3
420104,0.95361,1.013392,0,0
420105,0.911508,0.984532,1,0
420106,0.943297,0.998173,0,0
420107,0.902785,0.985008,1,0
420109,0.842586,0.956893,2,0
420110,Not Available,0.905581,6,n/a
430005,0.965724,0.994695,0,0
430008,0.891752,0.858023,9,7
430012,0.941872,0.927448,4,1
430013,0.944856,0.988954,0,0
430014,0.953981,0.991323,0,0
430015,0.90553,0.875112,8,5
430016,0.985202,1.032655,0,0
430027,1.030005,1.081773,0,0
430048,0.989065,0.998445,0,0
430077,1.005033,0.994004,0,0
430095,1.02375,1.019608,0,0
430097,0.951477,0.932764,4,1
440002,1.0639,1.071487,0,0
440003,1.001681,0.982524,1,1
440006,1.077984,1.067777,0,0
440007,1.064249,1.070098,0,0
440009,0.956507,0.943388,3,1
440011,0.962577,0.963817,2,0
440012,1.009814,1.024999,0,0
440015,0.96456,0.950712,3,1
440017,1.034681,1.029616,0,0
440018,1.045612,1.068536,0,0
440020,0.988916,0.963804,2,1
440029,0.984331,0.942348,3,3
440030,1.023331,1.00301,0,1
440031,0.942714,0.905568,6,3
440033,1.056158,0.986287,1,3
440034,0.934461,0.932127,4,0
440046,1.022918,0.964307,2,3
440048,1.004209,1.035252,0,0
440050,0.986865,0.975573,1,0
440053,0.994142,0.994173,0,0
440056,0.949612,0.949591,3,0
440057,0.948565,0.929259,4,1
440058,1.017335,1.054093,0,0
440059,0.985533,0.965849,2,1
440061,1.137671,1.115007,0,0
440063,1.030314,1.032678,0,0
440065,1.089576,1.001786,0,3
440068,0.950224,0.882381,7,6
440072,1.051296,1.066776,0,0
440073,1.010005,1.037852,0,0
440081,0.939826,0.87515,8,6
440082,1.023266,1.018825,0,0
440084,1.065919,1.021674,0,2
440091,0.965781,0.975183,1,0
440102,1.011745,0.991721,0,1
440104,1.066137,1.069887,0,0
440109,0.989922,0.937392,4,3
440110,0.973994,0.918441,5,4
440111,1.016263,0.909628,5,6
440120,0.949945,0.991534,0,0
440125,0.97901,0.941642,3,2
440130,1.10893,1.139688,0,0
440131,0.952836,1.047269,0,0
440132,1.005055,0.977684,1,1
440144,1.032451,0.961101,2,3
440150,0.991083,0.979024,1,0
440151,1.052319,1.080307,0,0
440152,1.054743,1.117502,0,0
440153,0.997937,0.945023,3,3
440156,0.957786,0.977455,1,0
440161,1.00038,0.997098,0,0
440173,0.948931,0.95821,2,0
440175,0.972279,1.036335,0,0
440176,1.009259,0.893159,6,7
440183,1.032617,1.021677,0,0
440184,0.926212,0.922332,5,0
440185,0.988503,0.978621,1,0
440187,1.027837,1.055512,0,0
440193,1.055414,1.023803,0,1
440194,0.980698,0.970138,2,0
440197,1.008086,1.024036,0,0
440227,0.967893,0.945309,3,1
440228,1.026111,1.017291,0,0
450002,1.012693,1.057726,0,0
450010,1.101231,1.134328,0,0
450011,1.065071,1.060025,0,0
450015,0.911194,0.933095,4,0
450018,1.048051,0.990572,0,2
450021,1.005837,1.00019,0,0
450023,1.14218,1.201426,0,0
450024,1.09374,1.083913,0,0
450028,1.087595,1.112572,0,0
450029,1.038503,1.0488,0,0
450032,1.02483,1.050395,0,0
450033,1.022318,1.040139,0,0
450034,1.068449,1.087804,0,0
450035,1.085413,1.036517,0,2
450040,1.070624,1.10682,0,0
450042,1.015487,1.026273,0,0
450044,0.976229,1.014461,0,0
450046,1.11905,1.059618,0,2
450051,1.047233,1.048318,0,0
450054,0.945397,0.974604,1,0
450055,1.036754,1.077989,0,0
450056,1.036623,1.05195,0,0
450058,1.054596,1.036123,0,0
450064,1.042541,1.096912,0,0
450068,1.023898,1.031566,0,0
450072,1.062454,1.033347,0,1
450079,1.01416,0.977519,1,2
450080,1.113905,1.040188,0,2
450082,1.073237,1.09145,0,0
450087,1.081407,1.038564,0,1
450090,1.082462,1.092216,0,0
450092,1.071603,1.050073,0,0
450097,1.095007,1.078146,0,0
450099,0.988007,0.959146,2,2
450101,1.027266,0.990849,0,1
450102,1.083553,1.093093,0,0
450104,1.129879,1.067907,0,2
450107,1.031422,1.047108,0,0
450108,1.098143,1.028921,0,2
450119,1.030724,1.032358,0,0
450124,1.074899,1.065654,0,0
450128,0.989078,0.971798,2,1
450132,1.108744,1.080471,0,1
450133,1.11844,1.072893,0,1
450135,1.040107,1.030419,0,0
450137,1.066647,1.02797,0,1
450147,1.196288,1.252253,0,0
450148,1.017216,1.012516,0,0
450152,0.993776,0.972113,1,1
450154,0.913446,1.011489,0,0
450163,1.072832,1.006214,0,2
450165,1.026356,1.043634,0,0
450176,0.959629,1.010313,0,0
450184,1.03088,0.997621,0,1
450193,1.00941,1.031454,0,0
450194,1.080087,1.026162,0,2
450196,1.080338,1.089368,0,0
450200,1.084871,1.11877,0,0
450203,1.089826,0.996471,0,3
450209,1.056067,1.07773,0,0
450210,1.060299,0.989936,0,3
450211,1.040441,1.020241,0,1
450213,1.032934,1.012831,0,1
450222,1.060095,1.053086,0,0
450229,1.072052,1.092009,0,0
450231,1.073522,1.043955,0,1
450236,1.148773,1.016185,0,4
450237,1.082202,1.058375,0,1
450271,1.148681,1.136905,0,0
450272,1.021584,1.081749,0,0
450292,1.002291,1.057258,0,0
450324,1.055861,1.024174,0,1
450330,1.191022,1.24515,0,0
450347,1.159895,1.118836,0,1
450351,0.96005,0.989732,0,0
450352,1.090845,1.072039,0,0
450358,0.992125,1.001126,0,0
450370,1.238429,1.206904,0,0
450372,1.057103,1.086102,0,0
450379,1.252245,1.184201,0,1
450388,1.044331,1.051595,0,0
450389,0.978848,0.956137,2,1
450395,1.022346,1.05031,0,0
450403,1.109934,1.101535,0,0
450419,0.998119,1.027147,0,0
450424,1.034335,1.02875,0,0
450431,1.047441,1.038985,0,0
450447,0.949798,0.977781,1,0
450462,1.069897,1.04757,0,0
450465,1.050421,1.066728,0,0
450475,1.030194,1.006236,0,1
450484,1.001057,1.001149,0,0
450508,1.137353,1.0871,0,1
450518,1.147372,1.135798,0,0
450537,1.194803,1.214664,0,0
450539,1.038126,0.90782,6,6
450563,1.01905,1.026749,0,0
450565,1.12171,1.058638,0,2
450571,0.988187,1.033257,0,0
450584,0.998172,0.978603,1,1
450587,1.074139,1.095856,0,0
450596,1.033475,0.975856,1,3
450604,0.967325,0.956625,2,0
450610,1.0078,1.027559,0,0
450617,1.070376,1.084458,0,0
450634,1.019376,1.016779,0,0
450638,1.154816,1.104189,0,1
450639,1.037753,1.034771,0,0
450643,0.969703,0.991214,0,0
450644,1.101425,1.075435,0,1
450647,1.048183,1.033065,0,0
450651,1.139063,1.078683,0,2
450653,1.026443,1.086493,0,0
450656,0.994272,0.955308,3,2
450659,1.092603,1.014659,0,3
450661,0.969757,1.030519,0,0
450662,0.986107,0.986632,1,0
450668,1.0363,1.035398,0,0
450669,1.058657,1.029255,0,1
450670,1.103777,1.146314,0,0
450672,1.072066,1.053197,0,0
450674,1.018332,0.972703,1,2
450675,1.055841,1.029038,0,1
450677,0.978461,0.986747,1,0
450678,1.088089,1.098941,0,0
450684,1.022856,1.014114,0,0
450686,1.053052,1.120954,0,0
450688,1.073337,1.095068,0,0
450690,0.942021,0.977847,1,0
450697,1.04497,1.067703,0,0
450702,1.014661,1.070984,0,0
450709,1.180669,1.129133,0,1
450711,0.955496,0.965214,2,0
450713,1.064018,1.075245,0,0
450718,1.035596,1.068467,0,0
450723,1.110608,1.105658,0,0
450730,1.044334,1.081745,0,0
450742,1.110003,1.041127,0,2
450743,1.062835,1.110836,0,0
450747,1.064747,1.061682,0,0
450771,1.079156,1.09376,0,0
450775,1.092036,1.073435,0,0
450779,0.981165,1.009438,0,0
450788,1.046275,1.038594,0,0
450801,1.017916,1.059231,0,0
450809,1.029863,1.034364,0,0
450820,1.024816,1.036852,0,0
450822,1.009756,0.990234,0,1
450827,1.016438,1.014769,0,0
450828,1.138237,1.060652,0,2
450840,1.05197,1.059143,0,0
450844,1.078506,1.081696,0,0
450847,0.995737,1.016888,0,0
450848,0.965813,0.932938,4,2
450851,0.956863,1.011964,0,0
450853,1.001245,0.995663,0,0
450855,0.999637,1.057957,0,0
450862,1.084385,1.058691,0,1
450864,0.881926,0.886381,7,0
450867,0.97454,1.053858,0,0
450869,1.031685,1.054531,0,0
450872,0.954461,0.931099,4,2
450876,0.992745,1.120112,0,0
450885,1.125477,1.075551,0,1
450890,1.052703,1.06472,0,0
450893,1.01306,1.009055,0,0
460001,1.005016,0.981986,1,1
460003,1.035061,1.088157,0,0
460004,0.974437,0.934732,4,3
460005,1.027291,0.999267,0,1
460006,0.938983,0.973713,1,0
460007,0.892166,0.915061,5,0
460009,1.032425,1.019344,0,0
460010,0.992723,0.965765,2,1
460011,0.99932,1.015618,0,0
460013,0.9739,0.950029,3,1
460014,1.060283,0.899602,6,7
460015,0.919706,0.857987,9,8
460017,1.001704,0.841679,10,9
460019,0.851458,0.853301,9,0
460021,0.965258,0.951478,3,1
460023,0.953616,0.892977,6,5
460026,0.990022,0.884149,7,7
460030,0.830091,0.793359,10,9
460041,0.98935,0.95411,3,2
460042,0.969456,0.987461,1,0
460044,0.982962,0.917908,5,4
460047,1.021819,1.043628,0,0
460051,1.014561,1.00944,0,0
460052,1.038142,0.986446,1,2
460057,0.949706,0.903042,6,4
460058,1.021269,0.97076,2,2
460060,0.904318,0.933267,4,0
460061,0.899817,0.841609,10,9
470001,0.893588,0.949688,3,0
470003,0.973706,0.970235,2,0
470005,0.969898,0.972137,1,0
470011,0.954428,0.954456,3,0
470012,0.936256,0.948294,3,0
490002,0.920664,0.871722,8,6
490004,0.909527,0.925795,4,0
490005,0.964622,0.952508,3,1
490007,0.968313,0.964021,2,0
490009,1.020612,1.029915,0,0
490013,0.947418,0.897989,6,4
490017,0.94289,0.924498,4,1
490018,0.923274,0.902119,6,2
490019,0.98648,0.988925,0,0
490020,0.979112,0.970923,2,0
490021,0.985294,0.983488,1,0
490022,0.970477,0.988591,0,0
490023,1.021017,1.034419,0,0
490024,1.002002,1.01406,0,0
490033,0.935085,0.972695,1,0
490037,0.897793,0.897428,6,0
490038,0.93691,0.90429,6,3
490040,0.995027,1.006809,0,0
490041,0.960293,0.971715,2,0
490042,0.950646,0.945329,3,0
490043,1.000088,1.009683,0,0
490044,0.922583,0.900836,6,2
490045,0.986655,0.974886,1,0
490046,0.908555,0.896608,6,1
490048,1.030347,1.005177,0,1
490050,0.945315,0.965304,2,0
490052,0.996788,0.99994,0,0
490053,0.993346,0.984745,1,0
490057,0.94989,0.955493,3,0
490059,1.027422,1.005701,0,1
490060,0.93444,0.915061,5,2
490063,1.010151,0.994751,0,0
490066,0.919898,0.914572,5,0
490067,1.05576,1.049976,0,0
490069,0.994217,0.985028,1,0
490075,1.001066,0.998088,0,0
490077,0.917037,0.935515,4,0
490084,0.929082,0.882834,7,5
490088,0.910827,0.993188,0,0
490089,0.875235,0.902756,6,0
490090,0.968941,0.991404,0,0
490092,0.859018,0.865339,8,0
490093,0.936675,0.924817,4,1
490098,0.924662,0.946688,3,0
490101,0.954102,0.958091,2,0
490107,0.974552,1.013212,0,0
490110,0.938678,0.899167,6,4
490111,0.997724,0.962524,2,2
490112,0.988943,0.984552,1,0
490113,0.9474,0.962497,2,0
490114,0.876435,0.932157,4,0
490115,0.989701,0.953951,3,2
490116,1.044319,0.96548,2,3
490118,0.996614,1.013067,0,0
490119,0.915019,0.903119,6,1
490120,0.937098,0.926416,4,1
490122,0.967615,1.011361,0,0
490126,0.992387,0.990525,0,0
490127,0.983616,0.880243,7,7
490130,0.901213,0.914282,5,0
490136,1.006712,1.014967,0,0
490140,0.924043,0.913112,5,1
490141,0.975647,1.006713,0,0
490144,0.988655,0.955348,3,2
490145,0.898992,1.011765,0,0
500002,0.923504,0.938294,4,0
500003,0.905111,0.905524,6,0
500005,0.951165,0.984149,1,0
500007,0.897166,0.884434,7,2
500008,0.985992,0.983785,1,0
500011,0.909911,0.962801,2,0
500014,0.935851,0.950049,3,0
500015,0.977321,0.925681,4,3
500016,0.916005,0.948967,3,0
500019,0.904308,0.867459,8,6
500021,0.876649,0.910338,5,0
500024,0.896622,0.913494,5,0
500025,0.980107,1.014234,0,0
500026,0.945866,0.972656,1,0
500027,0.939236,0.951702,3,0
500030,0.931774,0.946698,3,0
500031,0.988272,0.953734,3,2
500033,0.819574,0.902827,6,0
500036,0.906332,0.911078,5,0
500039,0.947507,0.972334,1,0
500041,0.915587,0.864463,8,7
500044,0.998055,0.954185,3,2
500050,0.923339,0.886192,7,4
500051,0.933228,0.919322,5,1
500053,0.960746,0.968854,2,0
500054,0.994246,1.005418,0,0
500058,0.940515,0.955607,3,0
500060,1.022443,0.903391,6,6
500064,1.031837,1.05913,0,0
500072,0.891581,0.882758,7,1
500077,0.985212,0.939768,4,3
500079,0.921143,0.895406,6,3
500088,0.904687,0.906844,6,0
500119,0.951408,0.891776,7,5
500124,0.940817,0.950443,3,0
500129,0.935237,0.941627,3,0
500139,0.905519,0.908911,5,0
500141,0.940362,0.908225,6,3
500150,0.847735,0.827558,10,9
500151,0.92532,0.89513,6,3
500152,0.951526,0.95132,3,0
500154,0.848603,0.883292,7,0
510001,1.043168,1.078036,0,0
510002,1.000584,0.938142,4,4
510006,0.952422,0.947871,3,0
510007,1.016145,1.04333,0,0
510008,0.918715,0.946955,3,0
510013,0.973655,0.991435,0,0
510022,1.011134,1.006527,0,0
510023,1.061148,1.011095,0,2
510024,1.038753,1.032576,0,0
510029,0.961545,0.989031,0,0
510030,0.881769,0.943094,3,0
510038,0.867468,0.995558,0,0
510046,1.010034,1.001757,0,0
510048,0.92982,0.934506,4,0
510050,1.090066,1.058116,0,1
510055,1.028551,1.070451,0,0
510058,1.023385,1.029936,0,0
510062,1.008457,1.027652,0,0
510072,0.884733,0.93805,4,0
510086,0.829844,0.943861,3,0
520002,0.855572,0.877442,7,0
520004,0.917269,0.917896,5,0
520008,1.013921,1.041169,0,0
520009,0.923501,0.90499,6,2
520011,0.936365,0.956353,2,0
520013,0.990372,1.021476,0,0
520017,0.909232,0.82593,10,9
520019,0.866983,0.927975,4,0
520021,1.015228,1.054618,0,0
520028,0.909755,0.907789,6,0
520030,0.923556,0.958937,2,0
520033,0.879608,0.865849,8,3
520034,0.890663,0.835244,10,9
520035,0.913133,0.902487,6,1
520037,1.069037,0.987528,1,3
520038,0.91896,0.916689,5,0
520041,0.890352,0.902915,6,0
520044,0.900384,0.877205,7,4
520045,0.949573,0.942148,3,0
520049,0.957944,0.967268,2,0
520051,0.96194,0.976285,1,0
520057,0.865521,0.884247,7,0
520059,0.929337,0.937997,4,0
520062,0.951909,0.932929,4,1
520063,0.987261,0.92982,4,4
520066,0.959703,0.968474,2,0
520070,0.966917,0.968076,2,0
520071,0.900227,0.923122,5,0
520075,0.982363,0.980987,1,0
520076,0.918222,0.936116,4,0
520078,0.964583,0.984674,1,0
520083,0.955668,0.966653,2,0
520087,0.984806,1.046436,0,0
520088,0.929554,0.924513,4,0
520089,0.928767,0.953382,3,0
520091,0.885126,1.023654,0,0
520095,0.894957,0.845729,9,9
520096,0.982857,0.989891,0,0
520097,0.928908,0.976154,1,0
520098,0.950948,0.976308,1,0
520100,0.99885,0.959283,2,2
520102,0.97273,1.014549,0,0
520103,0.946815,0.9443,3,0
520109,0.930377,0.832406,10,9
520113,0.906082,0.888383,7,2
520116,0.912319,0.944389,3,0
520136,0.946913,0.943681,3,0
520138,0.99275,0.987043,1,0
520139,0.97895,0.977917,1,0
520160,0.948029,0.921971,5,2
520177,0.960809,0.97607,1,0
520189,0.986155,0.952565,3,2
520193,0.951578,0.962333,2,0
520198,0.961563,0.902253,6,5
520202,0.955617,0.966974,2,0
520206,0.956107,0.966339,2,0
520207,0.938838,0.898924,6,4
520208,0.976342,0.952077,3,1
520210,0.946332,1.034759,0,0
530002,0.91784,0.889925,7,3
530006,0.884976,0.945057,3,0
530008,0.899377,0.977635,1,0
530011,0.928228,0.977842,1,0
530012,1.040203,1.051953,0,0
530014,1.011352,1.016645,0,0
530015,0.864365,0.89494,6,0
530025,0.892453,0.968952,2,0
670023,1.137537,1.12742,0,0
670025,0.995603,0.999869,0,0
670031,1.11013,1.016652,0,3
670034,1.000869,1.021788,0,0
670041,1.060976,1.087893,0,0
670043,1.033043,1.054075,0,0
670044,1.037375,0.987501,1,2
670047,0.95265,0.948592,3,0
670053,1.094232,1.089515,0,0
670055,1.065491,1.069027,0,0
670056,1.062332,1.085135,0,0
670060,1.03651,1.065109,0,0
670071,0.996985,1.032904,0,0
670075,1.128467,1.140632,0,0
670077,1.041066,1.047877,0,0
670078,0.731672,0.743097,10,0
670080,0.937644,0.989401,0,0
670082,1.05918,1.04646,0,0
670085,1.004957,1.041351,0,0
670088,0.970621,0.988409,0,0
670098,1.127817,1.060173,0,2
670103,1.012897,1.023579,0,0
670106,1.021604,1.057054,0,0
670108,1.017254,0.973379,1,2
670120,1.071921,0.977719,1,4
670122,1.073584,1.036641,0,1
